timestamp,speed_kmh,rpm,co2_ppm,co_ppm,smoke_ppm,safety_rating
2026-09-19 14:19:18.490358,42.5,1754.0,960.1,25.7,88.3,Warning
2026-09-19 14:19:21.490358,40.4,1837.0,921.0,24.3,134.6,Warning
2026-09-19 14:19:24.490358,45.4,1854.0,907.7,38.0,175.8,Warning
2026-09-19 14:19:27.490358,50.9,2032.0,979.0,22.1,112.2,Warning
2026-09-19 14:19:30.490358,43.2,2131.0,935.2,26.7,167.6,Warning
2026-09-19 14:19:33.490358,44.3,2109.0,890.6,39.2,211.5,Warning
2026-09-19 14:19:36.490358,54.5,1966.0,1006.1,32.3,110.4,Warning
2026-09-19 14:19:39.490358,51.5,2211.0,1037.9,39.3,175.7,Warning
2026-09-19 14:19:42.490358,46.4,2081.0,1027.9,19.3,89.4,Safe
2026-09-19 14:19:45.490358,52.5,1940.0,1003.0,27.2,121.1,Warning
2026-09-19 14:19:48.490358,48.5,2135.0,1018.2,33.6,129.5,Warning
2026-09-19 14:19:51.490358,49.5,2269.0,919.7,30.4,162.3,Warning
2026-09-19 14:19:54.490358,54.1,1984.0,1059.1,24.8,130.8,Warning
2026-09-19 14:19:57.490358,44.3,1771.0,922.5,29.7,121.4,Warning
2026-09-19 14:20:00.490358,46.3,2110.0,982.5,35.0,163.2,Warning
2026-09-19 14:20:03.490358,53.1,2168.0,1014.7,32.3,154.2,Warning
2026-09-19 14:20:06.490358,51.8,2178.0,1067.2,30.1,169.7,Warning
2026-09-19 14:20:09.490358,59.4,2336.0,1040.1,32.0,114.0,Warning
2026-09-19 14:20:12.490358,54.2,2214.0,1058.8,29.5,174.8,Warning
2026-09-19 14:20:15.490358,52.6,1916.0,1009.7,35.6,189.6,Warning
2026-09-19 14:20:18.490358,67.9,2655.0,1136.9,41.1,189.5,Warning
2026-09-19 14:20:21.490358,60.3,2484.0,1075.2,25.9,151.1,Warning
2026-09-19 14:20:24.490358,62.6,2332.0,1067.4,29.5,148.3,Warning
2026-09-19 14:20:27.490358,56.0,2194.0,1047.6,34.0,131.7,Warning
2026-09-19 14:20:30.490358,61.2,2101.0,1087.4,35.7,155.3,Warning
2026-09-19 14:20:33.490358,65.3,2510.0,1132.1,23.9,121.3,Warning
2026-09-19 14:20:36.490358,59.8,2380.0,1081.5,28.1,139.2,Warning
2026-09-19 14:20:39.490358,68.1,2494.0,1177.0,31.1,187.3,Warning
2026-09-19 14:20:42.490358,64.0,2568.0,1148.7,28.9,124.3,Warning
2026-09-19 14:20:45.490358,66.2,2405.0,1087.6,28.2,156.9,Warning
2026-09-19 14:20:48.490358,65.3,2517.0,1157.2,40.0,240.9,Warning
2026-09-19 14:20:51.490358,78.2,2602.0,1178.2,37.1,154.0,Warning
2026-09-19 14:20:54.490358,69.5,2534.0,1179.4,46.1,217.2,Warning
2026-09-19 14:20:57.490358,64.8,2395.0,1143.5,34.3,145.2,Warning
2026-09-19 14:21:00.490358,74.8,2703.0,1121.8,33.6,160.3,Warning
2026-09-19 14:21:03.490358,65.1,2372.0,1124.4,47.9,172.0,Warning
2026-09-19 14:21:06.490358,72.7,2598.0,1163.0,54.7,237.5,Danger
2026-09-19 14:21:09.490358,62.3,2482.0,1068.2,69.9,318.2,Danger
2026-09-19 14:21:12.490358,65.9,2382.0,1181.2,96.4,412.5,Danger
2026-09-19 14:21:15.490358,73.9,2407.0,1165.2,119.4,509.2,Danger
2026-09-19 14:21:18.490358,77.0,2987.0,1183.6,137.0,525.6,Danger
2026-09-19 14:21:21.490358,74.5,2869.0,1198.8,161.1,669.3,Danger
2026-09-19 14:21:24.490358,73.3,2439.0,1214.0,153.6,636.6,Danger
2026-09-19 14:21:27.490358,72.7,2720.0,1175.5,163.3,678.7,Danger
2026-09-19 14:21:30.490358,67.0,2399.0,1182.6,167.1,663.9,Danger
2026-09-19 14:21:33.490358,71.0,2614.0,1189.0,179.8,736.6,Danger
2026-09-19 14:21:36.490358,72.4,2655.0,1092.2,196.6,815.2,Danger
2026-09-19 14:21:39.490358,80.1,2768.0,1219.9,199.8,811.9,Danger
2026-09-19 14:21:42.490358,76.6,2599.0,1190.7,216.6,920.4,Danger
2026-09-19 14:21:45.490358,66.2,2351.0,1148.5,204.4,841.5,Danger
2026-09-19 14:21:48.490358,76.6,2578.0,1108.0,216.0,890.1,Danger
2026-09-19 14:21:51.490358,73.1,2502.0,1286.4,203.6,841.2,Danger
2026-09-19 14:21:54.490358,71.5,2579.0,1193.6,194.0,772.6,Danger
2026-09-19 14:21:57.490358,77.9,2640.0,1229.2,184.2,758.5,Danger
2026-09-19 14:22:00.490358,79.9,2899.0,1286.3,166.5,668.4,Danger
2026-09-19 14:22:03.490358,79.2,3004.0,1327.6,174.7,717.3,Danger
2026-09-19 14:22:06.490358,70.2,2468.0,1196.3,151.6,630.9,Danger
2026-09-19 14:22:09.490358,72.6,2651.0,1218.8,144.9,560.9,Danger
2026-09-19 14:22:12.490358,75.6,2764.0,1209.7,134.4,585.0,Danger
2026-09-19 14:22:15.490358,78.5,2833.0,1222.2,133.7,529.8,Danger
2026-09-19 14:22:18.490358,70.9,2584.0,1148.1,124.5,499.3,Danger
2026-09-19 14:22:21.490358,72.0,2711.0,1143.0,107.2,458.6,Danger
2026-09-19 14:22:24.490358,67.0,2548.0,1108.6,110.0,457.5,Danger
2026-09-19 14:22:27.490358,66.1,2268.0,1075.1,105.6,439.2,Danger
2026-09-19 14:22:30.490358,75.7,2824.0,1202.8,100.9,435.3,Danger
2026-09-19 14:22:33.490358,78.0,2882.0,1156.3,80.9,380.5,Danger
2026-09-19 14:22:36.490358,70.3,2443.0,1170.1,68.7,285.6,Danger
2026-09-19 14:22:39.490358,75.1,2684.0,1199.7,56.3,240.8,Danger
2026-09-19 14:22:42.490358,71.4,2686.0,1176.8,59.8,258.4,Danger
2026-09-19 14:22:45.490358,65.7,2412.0,1104.9,33.0,166.9,Warning
2026-09-19 14:22:48.490358,70.1,2714.0,1284.1,36.0,203.5,Warning
2026-09-19 14:22:51.490358,75.3,3038.0,1257.2,35.0,172.4,Warning
2026-09-19 14:22:54.490358,66.8,2352.0,1084.5,28.4,108.2,Warning
2026-09-19 14:22:57.490358,74.1,2445.0,1201.9,45.4,201.6,Warning
2026-09-19 14:23:00.490358,52.4,2156.0,995.0,34.4,154.8,Warning
2026-09-19 14:23:03.490358,68.9,2630.0,1110.3,41.9,237.3,Warning
2026-09-19 14:23:06.490358,64.4,2375.0,1061.6,31.6,153.7,Warning
2026-09-19 14:23:09.490358,61.7,2559.0,1110.5,27.7,158.4,Warning
2026-09-19 14:23:12.490358,62.8,2168.0,1074.9,37.3,187.0,Warning
2026-09-19 14:23:15.490358,51.5,2192.0,1050.8,29.8,132.3,Warning
2026-09-19 14:23:18.490358,59.5,2196.0,1115.5,35.2,176.5,Warning
2026-09-19 14:23:21.490358,61.5,2594.0,1146.6,39.9,153.0,Warning
2026-09-19 14:23:24.490358,66.1,2752.0,1095.1,42.3,191.7,Warning
2026-09-19 14:23:27.490358,55.2,2066.0,1060.8,41.4,190.9,Warning
2026-09-19 14:23:30.490358,52.8,2038.0,1047.8,27.8,103.7,Warning
2026-09-19 14:23:33.490358,53.4,2263.0,1008.1,29.9,175.4,Warning
2026-09-19 14:23:36.490358,59.5,2229.0,1045.0,29.3,97.1,Warning
2026-09-19 14:23:39.490358,55.5,2182.0,1108.7,39.5,153.7,Warning
2026-09-19 14:23:42.490358,50.2,2060.0,1011.0,25.8,110.5,Warning
2026-09-19 14:23:45.490358,54.4,1873.0,1060.8,21.5,107.3,Warning
2026-09-19 14:23:48.490358,51.3,2080.0,977.5,13.1,111.9,Safe
2026-09-19 14:23:51.490358,54.6,2062.0,988.1,28.7,143.7,Warning
2026-09-19 14:23:54.490358,45.2,1856.0,938.8,30.9,196.8,Warning
2026-09-19 14:23:57.490358,46.0,2166.0,963.0,20.3,107.7,Warning
2026-09-19 14:24:00.490358,44.6,1726.0,914.2,30.9,144.4,Warning
2026-09-19 14:24:03.490358,38.2,1876.0,904.9,20.7,92.6,Warning
2026-09-19 14:24:06.490358,45.9,1905.0,899.4,27.4,146.4,Warning
2026-09-19 14:24:09.490358,44.6,1873.0,912.0,22.3,131.5,Warning
2026-09-19 14:24:12.490358,42.2,1974.0,964.6,25.7,152.1,Warning
2026-09-19 14:24:15.490358,39.9,1849.0,943.6,37.1,141.4,Warning
2026-09-19 14:24:18.490358,32.9,1709.0,847.7,21.4,108.1,Warning
2026-09-19 14:24:21.490358,36.8,1865.0,853.7,23.1,125.0,Warning
2026-09-19 14:24:24.490358,36.1,1653.0,847.6,23.0,125.7,Warning
2026-09-19 14:24:27.490358,32.7,1526.0,846.6,20.1,90.7,Warning
2026-09-19 14:24:30.490358,34.8,1507.0,904.2,24.2,117.3,Warning
2026-09-19 14:24:33.490358,36.5,1590.0,929.5,20.7,132.0,Warning
2026-09-19 14:24:36.490358,42.9,2314.0,923.1,31.5,160.7,Warning
2026-09-19 14:24:39.490358,33.2,1818.0,819.8,39.3,184.8,Warning
2026-09-19 14:24:42.490358,32.6,1412.0,871.4,18.2,81.6,Safe
2026-09-19 14:24:45.490358,29.9,1348.0,806.0,32.4,155.2,Warning
2026-09-19 14:24:48.490358,19.6,1362.0,736.0,17.3,72.7,Safe
2026-09-19 14:24:51.490358,28.0,1582.0,877.1,27.1,152.2,Warning
2026-09-19 14:24:54.490358,27.4,1568.0,852.4,33.8,141.5,Warning
2026-09-19 14:24:57.490358,38.4,1722.0,913.6,17.9,108.5,Safe
2026-09-19 14:25:00.490358,24.1,1385.0,742.2,31.9,178.2,Warning
2026-09-19 14:25:03.490358,25.6,1490.0,813.4,23.3,87.4,Warning
2026-09-19 14:25:06.490358,23.0,1387.0,826.2,27.2,148.9,Warning
2026-09-19 14:25:09.490358,16.3,876.0,715.7,21.7,69.0,Warning
2026-09-19 14:25:12.490358,27.0,1440.0,869.7,29.2,144.6,Warning
2026-09-19 14:25:15.490358,24.1,1274.0,844.4,15.1,88.6,Safe
2026-09-19 14:25:18.490358,23.4,1411.0,853.6,33.3,147.2,Warning
2026-09-19 14:25:21.490358,14.0,1598.0,724.2,19.4,97.4,Safe
2026-09-19 14:25:24.490358,24.7,1473.0,821.1,21.7,111.6,Warning
2026-09-19 14:25:27.490358,9.8,999.0,735.3,22.3,103.3,Warning
2026-09-19 14:25:30.490358,19.0,1413.0,769.7,42.3,187.9,Warning
2026-09-19 14:25:33.490358,26.2,1527.0,789.6,33.5,147.4,Warning
2026-09-19 14:25:36.490358,9.5,1101.0,658.3,40.3,178.8,Warning
2026-09-19 14:25:39.490358,10.9,1164.0,696.9,21.5,75.9,Warning
2026-09-19 14:25:42.490358,13.5,1447.0,656.6,14.1,79.1,Safe
2026-09-19 14:25:45.490358,9.8,876.0,672.9,25.0,132.9,Warning
2026-09-19 14:25:48.490358,3.9,969.0,675.3,23.9,51.4,Warning
2026-09-19 14:25:51.490358,11.4,946.0,603.5,16.5,84.2,Safe
2026-09-19 14:25:54.490358,5.1,1012.0,702.5,21.5,85.9,Warning
2026-09-19 14:25:57.490358,12.2,968.0,742.8,17.5,43.1,Safe
2026-09-19 14:26:00.490358,4.7,856.0,619.5,19.1,107.0,Safe
2026-09-19 14:26:03.490358,16.6,1170.0,754.3,15.7,67.0,Safe
2026-09-19 14:26:06.490358,4.4,1057.0,635.4,28.8,145.8,Warning
2026-09-19 14:26:09.490358,6.3,1094.0,699.3,19.2,109.7,Safe
2026-09-19 14:26:12.490358,11.5,901.0,731.5,20.3,110.0,Warning
2026-09-19 14:26:15.490358,0.9,831.0,551.3,20.8,86.9,Warning
2026-09-19 14:26:18.490358,7.9,890.0,686.3,28.3,133.5,Warning
2026-09-19 14:26:21.490358,12.9,934.0,695.2,25.5,98.8,Warning
2026-09-19 14:26:24.490358,0.0,767.0,603.3,22.9,75.0,Warning
2026-09-19 14:26:27.490358,6.8,923.0,625.0,20.0,111.6,Warning
2026-09-19 14:26:30.490358,6.9,1337.0,725.3,18.2,101.4,Safe
2026-09-19 14:26:33.490358,9.3,1098.0,716.3,21.1,125.6,Warning
2026-09-19 14:26:36.490358,0.0,700.0,570.4,22.1,116.3,Warning
2026-09-19 14:26:39.490358,0.0,715.0,546.6,18.4,88.8,Safe
2026-09-19 14:26:42.490358,7.7,1145.0,646.0,21.2,104.3,Warning
2026-09-19 14:26:45.490358,6.5,1276.0,669.4,21.6,99.0,Warning
2026-09-19 14:26:48.490358,6.3,718.0,659.6,8.4,43.3,Safe
2026-09-19 14:26:51.490358,6.7,700.0,704.1,17.9,84.5,Safe
2026-09-19 14:26:54.490358,1.7,1122.0,644.9,13.1,52.0,Safe
2026-09-19 14:26:57.490358,6.3,1016.0,689.3,24.3,103.7,Warning
2026-09-19 14:27:00.490358,6.7,838.0,667.0,22.3,80.1,Warning
2026-09-19 14:27:03.490358,1.9,927.0,559.3,27.3,134.3,Warning
2026-09-19 14:27:06.490358,14.9,778.0,711.8,21.7,110.4,Warning
2026-09-19 14:27:09.490358,8.2,1006.0,708.1,34.6,163.8,Warning
2026-09-19 14:27:12.490358,0.1,853.0,599.1,10.4,63.2,Safe
2026-09-19 14:27:15.490358,9.7,1180.0,697.5,22.8,71.7,Warning
2026-09-19 14:27:18.490358,1.8,700.0,602.0,10.3,36.7,Safe
2026-09-19 14:27:21.490358,11.0,1088.0,646.8,32.8,136.2,Warning
2026-09-19 14:27:24.490358,13.3,992.0,701.1,27.0,116.9,Warning
2026-09-19 14:27:27.490358,3.8,933.0,642.6,10.9,63.0,Safe
2026-09-19 14:27:30.490358,13.1,994.0,679.0,26.7,115.3,Warning
2026-09-19 14:27:33.490358,10.9,1011.0,677.6,15.8,58.1,Safe
2026-09-19 14:27:36.490358,13.4,987.0,669.9,30.8,137.1,Warning
2026-09-19 14:27:39.490358,19.4,1382.0,799.6,21.0,107.9,Warning
2026-09-19 14:27:42.490358,9.2,1159.0,662.0,28.5,167.5,Warning
2026-09-19 14:27:45.490358,7.3,947.0,716.4,14.0,46.2,Safe
2026-09-19 14:27:48.490358,7.2,987.0,719.0,15.0,8.0,Safe
2026-09-19 14:27:51.490358,8.3,789.0,662.9,19.6,96.4,Safe
2026-09-19 14:27:54.490358,12.6,1071.0,660.8,23.2,95.4,Warning
2026-09-19 14:27:57.490358,15.5,1179.0,640.2,13.5,88.1,Safe
2026-09-19 14:28:00.490358,15.9,1590.0,668.1,25.0,108.6,Warning
2026-09-19 14:28:03.490358,19.4,1118.0,700.1,20.2,90.3,Warning
2026-09-19 14:28:06.490358,16.1,1422.0,784.0,24.9,118.4,Warning
2026-09-19 14:28:09.490358,24.1,1553.0,797.6,19.6,86.5,Safe
2026-09-19 14:28:12.490358,16.4,1251.0,746.5,28.8,142.8,Warning
2026-09-19 14:28:15.490358,32.1,1868.0,768.4,30.4,146.6,Warning
2026-09-19 14:28:18.490358,22.6,1420.0,732.5,43.3,190.7,Warning
2026-09-19 14:28:21.490358,16.0,1259.0,763.8,26.3,136.4,Warning
2026-09-19 14:28:24.490358,15.9,1189.0,738.6,26.4,115.1,Warning
2026-09-19 14:28:27.490358,24.6,1598.0,790.9,24.6,134.8,Warning
2026-09-19 14:28:30.490358,22.0,1515.0,798.8,21.0,80.5,Warning
2026-09-19 14:28:33.490358,27.7,1398.0,886.9,25.3,119.8,Warning
2026-09-19 14:28:36.490358,27.5,1289.0,810.9,17.3,89.0,Safe
2026-09-19 14:28:39.490358,25.7,1413.0,808.7,24.1,136.0,Warning
2026-09-19 14:28:42.490358,22.9,1252.0,790.8,24.1,85.3,Warning
2026-09-19 14:28:45.490358,20.6,1305.0,860.2,24.0,93.7,Warning
2026-09-19 14:28:48.490358,27.0,1659.0,731.6,43.0,203.3,Warning
2026-09-19 14:28:51.490358,34.5,1594.0,903.5,26.1,129.4,Warning
2026-09-19 14:28:54.490358,32.4,1603.0,854.3,26.5,149.7,Warning
2026-09-19 14:28:57.490358,26.1,1462.0,831.8,18.6,78.7,Safe
2026-09-19 14:29:00.490358,34.3,1785.0,848.2,51.0,210.6,Danger
2026-09-19 14:29:03.490358,36.5,1374.0,889.7,47.4,218.3,Warning
2026-09-19 14:29:06.490358,31.2,1489.0,878.0,71.0,238.4,Danger
2026-09-19 14:29:09.490358,37.5,1769.0,1024.3,94.4,350.7,Danger
2026-09-19 14:29:12.490358,38.1,1932.0,937.1,108.7,381.0,Danger
2026-09-19 14:29:15.490358,33.2,1556.0,831.6,107.7,345.5,Danger
2026-09-19 14:29:18.490358,41.8,1563.0,917.4,112.3,430.2,Danger
2026-09-19 14:29:21.490358,43.9,1991.0,933.1,112.0,404.1,Danger
2026-09-19 14:29:24.490358,47.6,1895.0,909.1,107.4,418.6,Danger
2026-09-19 14:29:27.490358,48.6,1836.0,975.3,114.9,407.3,Danger
2026-09-19 14:29:30.490358,37.5,1644.0,929.3,108.1,409.7,Danger
2026-09-19 14:29:33.490358,40.8,1792.0,875.3,122.4,412.5,Danger
2026-09-19 14:29:36.490358,49.1,1938.0,1035.0,114.1,423.8,Danger
2026-09-19 14:29:39.490358,50.2,1724.0,1021.1,104.7,373.0,Danger
2026-09-19 14:29:42.490358,51.3,2217.0,980.9,109.8,421.4,Danger
2026-09-19 14:29:45.490358,69.0,2717.0,1146.6,82.2,295.5,Danger
2026-09-19 14:29:48.490358,53.7,2239.0,1093.3,75.6,288.6,Danger
2026-09-19 14:29:51.490358,57.5,2068.0,1089.6,43.9,172.7,Warning
2026-09-19 14:29:54.490358,57.7,2211.0,1061.6,22.6,117.0,Warning
2026-09-19 14:29:57.490358,57.2,2228.0,1047.7,30.5,158.4,Warning
2026-09-19 14:30:00.490358,53.3,2223.0,1029.7,33.4,125.9,Warning
2026-09-19 14:30:03.490358,59.7,2392.0,1057.0,19.3,121.2,Safe
2026-09-19 14:30:06.490358,53.0,2015.0,939.8,28.0,125.2,Warning
2026-09-19 14:30:09.490358,56.6,2228.0,1134.7,25.1,134.1,Warning
2026-09-19 14:30:12.490358,56.3,2277.0,1056.8,28.3,120.6,Warning
2026-09-19 14:30:15.490358,60.1,2520.0,1096.6,48.1,256.1,Warning
2026-09-19 14:30:18.490358,72.1,2709.0,1174.8,37.3,192.6,Warning
2026-09-19 14:30:21.490358,52.1,2221.0,987.5,32.3,162.8,Warning
2026-09-19 14:30:24.490358,65.7,2456.0,1118.5,25.7,128.4,Warning
2026-09-19 14:30:27.490358,55.1,2389.0,976.7,33.4,139.7,Warning
2026-09-19 14:30:30.490358,61.6,2401.0,1183.9,41.5,226.7,Warning
2026-09-19 14:30:33.490358,70.2,2426.0,1112.2,32.4,125.8,Warning
2026-09-19 14:30:36.490358,65.8,2656.0,1085.4,39.3,170.9,Warning
2026-09-19 14:30:39.490358,60.9,2426.0,1069.3,24.6,126.4,Warning
2026-09-19 14:30:42.490358,63.4,2318.0,1158.7,39.4,197.0,Warning
2026-09-19 14:30:45.490358,71.1,2504.0,1169.0,22.3,119.9,Warning
2026-09-19 14:30:48.490358,64.7,2461.0,1067.9,26.3,110.8,Warning
2026-09-19 14:30:51.490358,70.0,2620.0,1210.4,29.4,151.0,Warning
2026-09-19 14:30:54.490358,69.8,2574.0,1187.5,31.7,139.8,Warning
2026-09-19 14:30:57.490358,66.9,2518.0,1156.5,39.8,202.5,Warning
2026-09-19 14:31:00.490358,81.4,3090.0,1279.8,39.6,232.2,Warning
2026-09-19 14:31:03.490358,74.4,2820.0,1290.6,58.2,297.5,Danger
2026-09-19 14:31:06.490358,61.5,2367.0,1179.7,23.6,139.8,Warning
2026-09-19 14:31:09.490358,73.1,2768.0,1157.0,38.5,205.9,Warning
2026-09-19 14:31:12.490358,69.2,2376.0,1218.8,25.7,131.1,Warning
2026-09-19 14:31:15.490358,77.2,2790.0,1232.9,29.3,113.9,Warning
2026-09-19 14:31:18.490358,69.3,2805.0,1174.6,39.0,146.8,Warning
2026-09-19 14:31:21.490358,73.0,2593.0,1116.6,44.8,197.0,Warning
2026-09-19 14:31:24.490358,76.4,2583.0,1204.6,34.1,156.0,Warning
2026-09-19 14:31:27.490358,78.5,2664.0,1195.4,40.7,168.2,Warning
2026-09-19 14:31:30.490358,68.4,2346.0,1180.2,26.8,149.3,Warning
2026-09-19 14:31:33.490358,72.9,2505.0,1226.0,35.5,146.4,Warning
2026-09-19 14:31:36.490358,72.3,2553.0,1095.8,29.7,136.0,Warning
2026-09-19 14:31:39.490358,71.6,2379.0,1171.7,39.7,204.5,Warning
2026-09-19 14:31:42.490358,83.8,2896.0,1314.9,40.0,164.2,Warning
2026-09-19 14:31:45.490358,77.0,2861.0,1208.6,49.7,257.7,Warning
2026-09-19 14:31:48.490358,68.7,2381.0,1178.7,26.5,124.9,Warning
2026-09-19 14:31:51.490358,79.6,3017.0,1250.6,55.8,264.7,Danger
2026-09-19 14:31:54.490358,85.5,3015.0,1298.0,26.6,154.2,Warning
2026-09-19 14:31:57.490358,80.0,2955.0,1229.2,59.3,266.7,Danger
2026-09-19 14:32:00.490358,67.1,2380.0,1088.4,32.7,165.6,Warning
2026-09-19 14:32:03.490358,72.1,2732.0,1132.3,44.1,240.1,Warning
2026-09-19 14:32:06.490358,80.7,2654.0,1274.1,25.8,124.8,Warning
2026-09-19 14:32:09.490358,70.6,2699.0,1165.7,35.8,156.7,Warning
2026-09-19 14:32:12.490358,76.1,2729.0,1203.4,35.3,189.0,Warning
2026-09-19 14:32:15.490358,77.5,2820.0,1202.9,50.1,302.9,Danger
2026-09-19 14:32:18.490358,68.7,2340.0,1137.0,59.9,325.6,Danger
2026-09-19 14:32:21.490358,72.6,2482.0,1222.9,97.5,512.7,Danger
2026-09-19 14:32:24.490358,56.3,2298.0,1037.3,106.2,583.4,Danger
2026-09-19 14:32:27.490358,67.0,2333.0,1082.4,142.8,751.4,Danger
2026-09-19 14:32:30.490358,70.4,2630.0,1193.0,145.2,735.0,Danger
2026-09-19 14:32:33.490358,64.9,2219.0,1111.4,150.8,808.2,Danger
2026-09-19 14:32:36.490358,78.8,2898.0,1231.9,156.4,836.3,Danger
2026-09-19 14:32:39.490358,63.0,2190.0,1168.1,173.1,920.3,Danger
2026-09-19 14:32:42.490358,67.4,2567.0,1138.0,176.9,946.9,Danger
2026-09-19 14:32:45.490358,69.6,2634.0,1168.4,191.1,994.9,Danger
2026-09-19 14:32:48.490358,75.5,2584.0,1157.0,201.3,1049.7,Danger
2026-09-19 14:32:51.490358,60.5,2399.0,1075.0,171.2,891.8,Danger
2026-09-19 14:32:54.490358,72.8,2659.0,1206.7,159.7,855.7,Danger
2026-09-19 14:32:57.490358,66.3,2377.0,1068.2,159.2,834.4,Danger
2026-09-19 14:33:00.490358,60.6,2164.0,1092.9,120.9,640.8,Danger
2026-09-19 14:33:03.490358,67.1,2182.0,1140.5,126.6,654.5,Danger
2026-09-19 14:33:06.490358,65.0,2476.0,1121.3,130.8,788.6,Danger
2026-09-19 14:33:09.490358,60.1,2069.0,1122.6,138.0,763.1,Danger
2026-09-19 14:33:12.490358,62.7,2381.0,1114.6,153.1,841.1,Danger
2026-09-19 14:33:15.490358,59.5,2249.0,1135.3,156.6,959.2,Danger
2026-09-19 14:33:18.490358,61.1,2430.0,1049.4,161.4,956.1,Danger
2026-09-19 14:33:21.490358,63.0,2329.0,1109.3,165.2,963.3,Danger
2026-09-19 14:33:24.490358,66.7,2418.0,1136.9,172.1,996.1,Danger
2026-09-19 14:33:27.490358,51.6,2200.0,970.2,155.3,933.3,Danger
2026-09-19 14:33:30.490358,67.5,2538.0,1178.5,156.7,939.1,Danger
2026-09-19 14:33:33.490358,46.1,2001.0,1062.0,155.1,908.1,Danger
2026-09-19 14:33:36.490358,54.1,2224.0,1032.5,150.2,867.2,Danger
2026-09-19 14:33:39.490358,56.8,1991.0,1074.9,122.0,731.7,Danger
2026-09-19 14:33:42.490358,54.3,2271.0,1037.7,127.3,767.4,Danger
2026-09-19 14:33:45.490358,48.7,2110.0,961.4,104.1,595.0,Danger
2026-09-19 14:33:48.490358,49.8,1892.0,925.4,76.2,480.4,Danger
2026-09-19 14:33:51.490358,47.3,1946.0,950.2,60.8,378.5,Danger
2026-09-19 14:33:54.490358,45.8,1938.0,910.4,43.8,244.8,Warning
2026-09-19 14:33:57.490358,51.9,2077.0,1083.2,25.5,119.2,Warning
2026-09-19 14:34:00.490358,48.3,2059.0,982.1,33.1,174.3,Warning
2026-09-19 14:34:03.490358,42.0,2065.0,922.2,20.8,95.0,Warning
2026-09-19 14:34:06.490358,48.9,2184.0,1026.6,25.2,121.9,Warning
2026-09-19 14:34:09.490358,44.8,1724.0,913.8,29.1,104.6,Warning
2026-09-19 14:34:12.490358,46.3,2050.0,939.4,14.0,130.6,Safe
2026-09-19 14:34:15.490358,44.2,2106.0,956.7,36.9,196.5,Warning
2026-09-19 14:34:18.490358,35.9,1754.0,928.0,36.4,165.3,Warning
2026-09-19 14:34:21.490358,36.1,1866.0,908.9,28.8,142.8,Warning
2026-09-19 14:34:24.490358,41.5,2140.0,942.2,29.9,116.3,Warning
2026-09-19 14:34:27.490358,39.8,1948.0,921.2,29.9,142.5,Warning
2026-09-19 14:34:30.490358,35.5,1725.0,900.1,23.8,138.4,Warning
2026-09-19 14:34:33.490358,35.1,1835.0,889.0,19.4,106.9,Safe
2026-09-19 14:34:36.490358,39.8,1817.0,877.4,28.7,145.0,Warning
2026-09-19 14:34:39.490358,29.4,1539.0,837.1,23.7,159.9,Warning
2026-09-19 14:34:42.490358,34.0,1598.0,829.3,15.7,101.2,Safe
2026-09-19 14:34:45.490358,29.2,1765.0,837.0,26.5,156.3,Warning
2026-09-19 14:34:48.490358,28.1,1380.0,805.5,27.9,111.6,Warning
2026-09-19 14:34:51.490358,33.6,1871.0,970.7,31.9,133.0,Warning
2026-09-19 14:34:54.490358,31.2,1656.0,848.3,24.1,101.5,Warning
2026-09-19 14:34:57.490358,30.2,1344.0,785.2,14.9,88.6,Safe
2026-09-19 14:35:00.490358,31.6,1646.0,847.6,23.6,140.3,Warning
2026-09-19 14:35:03.490358,24.2,1090.0,814.5,22.7,106.0,Warning
2026-09-19 14:35:06.490358,26.5,1558.0,879.3,28.2,128.9,Warning
2026-09-19 14:35:09.490358,20.6,1449.0,741.5,21.4,97.5,Warning
2026-09-19 14:35:12.490358,22.9,1283.0,719.6,9.6,75.7,Safe
2026-09-19 14:35:15.490358,19.7,1310.0,790.1,21.9,96.0,Warning
2026-09-19 14:35:18.490358,19.9,1591.0,704.1,23.5,82.1,Warning
2026-09-19 14:35:21.490358,21.5,1262.0,754.7,19.8,121.2,Safe
2026-09-19 14:35:24.490358,13.6,981.0,698.5,22.1,76.9,Warning
2026-09-19 14:35:27.490358,27.3,1705.0,815.7,23.9,123.3,Warning
2026-09-19 14:35:30.490358,11.0,1370.0,715.7,42.9,211.5,Warning
2026-09-19 14:35:33.490358,9.2,1030.0,646.1,24.8,122.9,Warning
2026-09-19 14:35:36.490358,20.3,1459.0,751.3,47.3,216.8,Warning
2026-09-19 14:35:39.490358,17.7,1444.0,741.1,51.1,279.3,Danger
2026-09-19 14:35:42.490358,16.2,1092.0,735.2,57.0,351.9,Danger
2026-09-19 14:35:45.490358,15.5,1114.0,727.8,73.7,455.1,Danger
2026-09-19 14:35:48.490358,11.6,1275.0,710.4,106.3,562.7,Danger
2026-09-19 14:35:51.490358,6.6,1217.0,686.3,91.7,497.4,Danger
2026-09-19 14:35:54.490358,10.8,1155.0,702.3,88.5,512.0,Danger
2026-09-19 14:35:57.490358,6.5,830.0,670.0,89.3,503.1,Danger
2026-09-19 14:36:00.490358,14.2,1453.0,650.3,91.3,526.4,Danger
2026-09-19 14:36:03.490358,8.1,922.0,666.6,98.1,569.2,Danger
2026-09-19 14:36:06.490358,4.2,855.0,652.8,87.2,507.8,Danger
2026-09-19 14:36:09.490358,6.3,1008.0,679.3,88.6,548.5,Danger
2026-09-19 14:36:12.490358,9.5,1271.0,648.5,89.9,502.5,Danger
2026-09-19 14:36:15.490358,4.3,1034.0,607.6,96.6,520.0,Danger
2026-09-19 14:36:18.490358,2.6,927.0,597.9,78.4,422.1,Danger
2026-09-19 14:36:21.490358,7.6,1060.0,682.3,64.8,386.1,Danger
2026-09-19 14:36:24.490358,7.3,990.0,700.0,51.3,296.3,Danger
2026-09-19 14:36:27.490358,3.3,966.0,610.2,37.6,203.7,Warning
2026-09-19 14:36:30.490358,3.3,700.0,662.4,18.7,69.7,Safe
2026-09-19 14:36:33.490358,6.6,920.0,657.7,18.7,54.6,Safe
2026-09-19 14:36:36.490358,0.0,836.0,595.0,21.6,67.7,Warning
2026-09-19 14:36:39.490358,0.0,700.0,591.5,9.9,49.9,Safe
2026-09-19 14:36:42.490358,1.5,895.0,641.7,20.3,82.4,Warning
2026-09-19 14:36:45.490358,4.0,868.0,644.6,24.6,112.3,Warning
2026-09-19 14:36:48.490358,6.6,1227.0,743.5,28.5,145.4,Warning
2026-09-19 14:36:51.490358,12.4,1346.0,665.1,25.7,98.3,Warning
2026-09-19 14:36:54.490358,9.4,964.0,695.6,20.2,105.5,Warning
2026-09-19 14:36:57.490358,4.4,886.0,613.7,14.9,72.4,Safe
2026-09-19 14:37:00.490358,5.2,918.0,606.7,28.0,141.3,Warning
2026-09-19 14:37:03.490358,0.4,743.0,602.9,26.6,165.3,Warning
2026-09-19 14:37:06.490358,5.5,967.0,649.7,44.1,248.2,Warning
2026-09-19 14:37:09.490358,4.4,796.0,751.9,43.2,257.7,Warning
2026-09-19 14:37:12.490358,7.7,823.0,654.3,48.0,335.1,Warning
2026-09-19 14:37:15.490358,2.3,950.0,572.8,57.3,383.9,Danger
2026-09-19 14:37:18.490358,9.3,1127.0,685.4,78.2,501.4,Danger
2026-09-19 14:37:21.490358,14.7,1048.0,634.9,70.8,478.1,Danger
2026-09-19 14:37:24.490358,6.9,1107.0,651.6,81.3,521.0,Danger
2026-09-19 14:37:27.490358,9.9,952.0,679.7,79.8,501.1,Danger
2026-09-19 14:37:30.490358,11.8,1133.0,726.0,77.0,522.3,Danger
2026-09-19 14:37:33.490358,6.8,1093.0,693.4,67.8,491.3,Danger
2026-09-19 14:37:36.490358,10.4,1056.0,663.5,74.3,488.4,Danger
2026-09-19 14:37:39.490358,9.9,1117.0,673.5,68.2,478.2,Danger
2026-09-19 14:37:42.490358,10.9,996.0,656.9,77.9,491.4,Danger
2026-09-19 14:37:45.490358,7.2,950.0,612.4,69.4,463.6,Danger
2026-09-19 14:37:48.490358,11.8,1064.0,706.9,79.0,516.3,Danger
2026-09-19 14:37:51.490358,14.8,1059.0,667.7,83.5,546.5,Danger
2026-09-19 14:37:54.490358,20.3,1281.0,745.7,76.1,521.7,Danger
2026-09-19 14:37:57.490358,18.5,1031.0,708.5,82.4,517.6,Danger
2026-09-19 14:38:00.490358,25.3,1358.0,824.0,74.4,509.3,Danger
2026-09-19 14:38:03.490358,11.4,1043.0,763.4,59.3,397.5,Danger
2026-09-19 14:38:06.490358,20.4,1272.0,711.2,54.0,399.9,Danger
2026-09-19 14:38:09.490358,17.8,1208.0,668.0,55.5,321.6,Danger
2026-09-19 14:38:12.490358,28.6,1507.0,824.1,41.7,243.3,Warning
2026-09-19 14:38:15.490358,14.5,1235.0,716.7,45.0,246.1,Warning
2026-09-19 14:38:18.490358,15.2,1312.0,730.6,30.5,138.2,Warning
2026-09-19 14:38:21.490358,17.3,1136.0,720.8,23.0,92.4,Warning
2026-09-19 14:38:24.490358,10.6,885.0,677.0,15.3,80.0,Safe
2026-09-19 14:38:27.490358,19.6,1133.0,771.1,31.2,134.3,Warning
2026-09-19 14:38:30.490358,19.3,1210.0,796.4,24.6,90.3,Warning
2026-09-19 14:38:33.490358,24.9,1369.0,720.7,24.7,124.8,Warning
2026-09-19 14:38:36.490358,26.8,1355.0,799.7,28.6,148.3,Warning
2026-09-19 14:38:39.490358,35.5,1493.0,892.4,27.0,91.0,Warning
2026-09-19 14:38:42.490358,31.9,1528.0,818.2,33.7,143.1,Warning
2026-09-19 14:38:45.490358,25.3,1459.0,871.3,27.9,120.6,Warning
2026-09-19 14:38:48.490358,24.7,1507.0,772.1,25.7,157.5,Warning
2026-09-19 14:38:51.490358,32.7,1534.0,859.9,19.1,84.2,Safe
2026-09-19 14:38:54.490358,24.7,1355.0,819.8,26.8,150.4,Warning
2026-09-19 14:38:57.490358,41.5,1699.0,908.5,40.3,175.3,Warning
2026-09-19 14:39:00.490358,39.3,1779.0,840.8,37.6,179.1,Warning
2026-09-19 14:39:03.490358,32.2,1477.0,840.3,51.1,290.4,Danger
2026-09-19 14:39:06.490358,27.0,1562.0,857.6,65.5,336.4,Danger
2026-09-19 14:39:09.490358,43.5,1619.0,934.3,83.7,449.4,Danger
2026-09-19 14:39:12.490358,37.2,1677.0,864.0,95.3,505.0,Danger
2026-09-19 14:39:15.490358,45.1,1972.0,997.7,100.8,546.0,Danger
2026-09-19 14:39:18.490358,32.0,1628.0,843.0,99.6,525.8,Danger
2026-09-19 14:39:21.490358,38.1,2157.0,884.4,107.5,576.6,Danger
2026-09-19 14:39:24.490358,42.2,1908.0,943.8,101.3,526.5,Danger
2026-09-19 14:39:27.490358,43.5,1738.0,979.1,87.9,490.2,Danger
2026-09-19 14:39:30.490358,42.1,1839.0,1032.4,99.7,547.9,Danger
2026-09-19 14:39:33.490358,48.6,1748.0,1021.8,71.8,384.1,Danger
2026-09-19 14:39:36.490358,41.2,1818.0,976.2,55.1,319.5,Danger
2026-09-19 14:39:39.490358,46.9,1848.0,955.1,47.9,242.4,Warning
2026-09-19 14:39:42.490358,49.3,2170.0,953.4,29.4,134.7,Warning
2026-09-19 14:39:45.490358,52.3,2026.0,1021.2,28.7,151.3,Warning
2026-09-19 14:39:48.490358,54.4,2142.0,1039.3,32.0,165.3,Warning
2026-09-19 14:39:51.490358,46.2,1860.0,926.7,22.6,175.9,Warning
2026-09-19 14:39:54.490358,45.2,2191.0,954.7,41.2,193.3,Warning
2026-09-19 14:39:57.490358,60.3,2259.0,1098.3,38.9,188.5,Warning
2026-09-19 14:40:00.490358,56.6,2489.0,1066.9,41.6,193.0,Warning
2026-09-19 14:40:03.490358,52.1,2226.0,1037.3,31.6,170.1,Warning
2026-09-19 14:40:06.490358,64.6,2488.0,1128.6,34.8,150.3,Warning
2026-09-19 14:40:09.490358,58.4,2315.0,1046.9,28.1,119.7,Warning
2026-09-19 14:40:12.490358,64.7,2475.0,1096.6,23.3,120.4,Warning
2026-09-19 14:40:15.490358,60.0,2011.0,1032.1,31.6,174.1,Warning
2026-09-19 14:40:18.490358,70.9,2530.0,1238.4,38.2,221.0,Warning
2026-09-19 14:40:21.490358,70.2,2682.0,1162.4,39.7,209.9,Warning
2026-09-19 14:40:24.490358,61.1,2319.0,1079.5,24.5,149.9,Warning
2026-09-19 14:40:27.490358,68.0,2289.0,1106.9,30.3,158.5,Warning
2026-09-19 14:40:30.490358,67.2,2472.0,1254.9,38.3,157.3,Warning
2026-09-19 14:40:33.490358,71.6,2845.0,1129.8,40.0,204.7,Warning
2026-09-19 14:40:36.490358,60.7,2504.0,1068.4,31.2,138.2,Warning
2026-09-19 14:40:39.490358,69.7,2533.0,1174.1,44.1,204.3,Warning
2026-09-19 14:40:42.490358,72.3,2749.0,1202.1,38.4,185.6,Warning
2026-09-19 14:40:45.490358,58.9,2217.0,1109.2,38.7,181.4,Warning
2026-09-19 14:40:48.490358,62.4,2104.0,1171.5,25.2,117.4,Warning
2026-09-19 14:40:51.490358,58.8,2130.0,1090.3,28.2,162.9,Warning
2026-09-19 14:40:54.490358,68.2,2740.0,1103.4,52.3,249.4,Danger
2026-09-19 14:40:57.490358,73.7,2602.0,1179.4,42.9,190.8,Warning
2026-09-19 14:41:00.490358,78.2,2718.0,1237.8,35.5,115.3,Warning
2026-09-19 14:41:03.490358,71.6,2544.0,1255.2,26.5,126.5,Warning
2026-09-19 14:41:06.490358,79.8,3081.0,1182.6,35.9,186.2,Warning
2026-09-19 14:41:09.490358,65.2,2674.0,1169.9,49.0,240.7,Warning
2026-09-19 14:41:12.490358,64.0,2733.0,1119.4,42.3,194.4,Warning
2026-09-19 14:41:15.490358,72.7,2592.0,1214.7,37.0,237.3,Warning
2026-09-19 14:41:18.490358,75.2,2725.0,1197.6,21.8,136.8,Warning
2026-09-19 14:41:21.490358,73.4,2409.0,1153.9,42.0,200.4,Warning
2026-09-19 14:41:24.490358,63.6,2611.0,1138.5,25.0,122.5,Warning
2026-09-19 14:41:27.490358,73.7,2468.0,1215.9,31.2,152.8,Warning
2026-09-19 14:41:30.490358,67.9,2529.0,1181.7,34.4,140.3,Warning
2026-09-19 14:41:33.490358,77.9,2583.0,1222.8,37.1,190.4,Warning
2026-09-19 14:41:36.490358,76.6,2626.0,1188.5,32.0,190.1,Warning
2026-09-19 14:41:39.490358,70.1,2428.0,1098.8,36.9,151.7,Warning
2026-09-19 14:41:42.490358,72.4,2518.0,1211.7,22.8,131.0,Warning
2026-09-19 14:41:45.490358,69.7,2461.0,1174.4,25.0,142.4,Warning
2026-09-19 14:41:48.490358,74.7,2585.0,1158.9,44.1,172.4,Warning
2026-09-19 14:41:51.490358,79.8,2919.0,1216.5,34.2,181.4,Warning
2026-09-19 14:41:54.490358,70.0,2384.0,1141.3,27.5,123.3,Warning
2026-09-19 14:41:57.490358,77.4,2767.0,1159.6,31.7,129.8,Warning
2026-09-19 14:42:00.490358,72.1,2785.0,1143.9,40.7,165.5,Warning
2026-09-19 14:42:03.490358,70.6,2488.0,1119.5,26.6,139.3,Warning
2026-09-19 14:42:06.490358,73.8,2538.0,1174.3,32.3,130.4,Warning
2026-09-19 14:42:09.490358,69.0,2490.0,1122.3,22.6,114.7,Warning
2026-09-19 14:42:12.490358,71.1,2755.0,1104.0,31.4,147.6,Warning
2026-09-19 14:42:15.490358,67.6,2520.0,1221.9,40.6,189.0,Warning
2026-09-19 14:42:18.490358,83.1,2798.0,1315.0,39.7,175.2,Warning
2026-09-19 14:42:21.490358,73.1,2700.0,1153.7,48.1,237.1,Warning
2026-09-19 14:42:24.490358,69.0,2361.0,1163.2,22.0,128.3,Warning
2026-09-19 14:42:27.490358,73.2,2732.0,1202.2,31.9,171.5,Warning
2026-09-19 14:42:30.490358,71.1,2639.0,1216.5,33.5,128.4,Warning
2026-09-19 14:42:33.490358,70.1,2506.0,1127.9,30.9,139.2,Warning
2026-09-19 14:42:36.490358,73.7,2518.0,1233.6,27.8,145.3,Warning
2026-09-19 14:42:39.490358,73.9,2515.0,1169.4,33.9,178.4,Warning
2026-09-19 14:42:42.490358,66.9,2553.0,1081.8,37.2,184.2,Warning
2026-09-19 14:42:45.490358,66.1,2636.0,1157.5,26.0,120.5,Warning
2026-09-19 14:42:48.490358,66.9,2378.0,1187.2,41.2,182.9,Warning
2026-09-19 14:42:51.490358,56.1,2272.0,1152.7,28.5,150.8,Warning
2026-09-19 14:42:54.490358,59.4,1972.0,1027.1,47.2,240.8,Warning
2026-09-19 14:42:57.490358,73.1,2540.0,1212.7,46.0,236.1,Warning
2026-09-19 14:43:00.490358,73.7,2639.0,1173.5,38.0,211.2,Warning
2026-09-19 14:43:03.490358,63.5,2251.0,1139.4,31.1,157.1,Warning
2026-09-19 14:43:06.490358,66.8,2331.0,1075.9,24.8,112.4,Warning
2026-09-19 14:43:09.490358,64.7,2317.0,1067.1,29.0,178.0,Warning
2026-09-19 14:43:12.490358,77.7,2786.0,1190.6,28.7,154.4,Warning
2026-09-19 14:43:15.490358,67.0,2448.0,1139.6,48.6,235.6,Warning
2026-09-19 14:43:18.490358,59.9,1963.0,1053.8,40.5,217.4,Warning
2026-09-19 14:43:21.490358,54.9,1854.0,1065.5,31.2,143.6,Warning
2026-09-19 14:43:24.490358,50.7,1977.0,1046.8,26.1,132.7,Warning
2026-09-19 14:43:27.490358,58.8,2339.0,1094.7,31.9,154.8,Warning
2026-09-19 14:43:30.490358,53.1,1715.0,1089.4,36.8,173.0,Warning
2026-09-19 14:43:33.490358,48.8,1945.0,1006.9,25.4,111.0,Warning
2026-09-19 14:43:36.490358,51.7,2013.0,964.7,20.0,88.1,Warning
2026-09-19 14:43:39.490358,48.5,2221.0,1042.5,38.9,160.5,Warning
2026-09-19 14:43:42.490358,61.3,2275.0,1066.4,34.2,180.8,Warning
2026-09-19 14:43:45.490358,56.3,2264.0,1086.5,38.3,212.2,Warning
2026-09-19 14:43:48.490358,50.8,2091.0,1069.2,24.3,103.8,Warning
2026-09-19 14:43:51.490358,57.2,1910.0,1075.6,21.0,91.9,Warning
2026-09-19 14:43:54.490358,49.1,2143.0,932.9,47.4,172.6,Warning
2026-09-19 14:43:57.490358,43.3,1916.0,909.9,27.5,120.0,Warning
2026-09-19 14:44:00.490358,54.2,2231.0,1086.3,32.0,143.8,Warning
2026-09-19 14:44:03.490358,48.2,2593.0,978.6,52.6,260.0,Danger
2026-09-19 14:44:06.490358,39.2,1467.0,916.8,28.6,132.5,Warning
2026-09-19 14:44:09.490358,42.3,2117.0,969.1,19.8,119.6,Safe
2026-09-19 14:44:12.490358,37.8,1702.0,930.4,32.2,143.3,Warning
2026-09-19 14:44:15.490358,34.2,1698.0,884.6,31.4,130.2,Warning
2026-09-19 14:44:18.490358,44.6,1909.0,948.7,44.3,224.4,Warning
2026-09-19 14:44:21.490358,48.4,1948.0,975.1,38.0,204.6,Warning
2026-09-19 14:44:24.490358,30.8,1485.0,880.8,28.3,114.8,Warning
2026-09-19 14:44:27.490358,39.5,1837.0,938.3,25.0,95.0,Warning
2026-09-19 14:44:30.490358,32.4,1381.0,848.6,24.9,118.1,Warning
2026-09-19 14:44:33.490358,32.1,1715.0,900.0,20.6,94.5,Warning
2026-09-19 14:44:36.490358,30.5,1500.0,838.7,27.8,118.8,Warning
2026-09-19 14:44:39.490358,28.0,1332.0,790.3,17.1,79.6,Safe
2026-09-19 14:44:42.490358,31.5,1521.0,821.9,17.9,94.4,Safe
2026-09-19 14:44:45.490358,26.1,1641.0,769.5,17.0,112.8,Safe
2026-09-19 14:44:48.490358,30.5,1483.0,833.4,20.6,82.5,Warning
2026-09-19 14:44:51.490358,27.9,1551.0,872.5,20.3,144.6,Warning
2026-09-19 14:44:54.490358,25.9,1338.0,775.2,24.5,110.9,Warning
2026-09-19 14:44:57.490358,21.6,1453.0,780.0,23.2,107.3,Warning
2026-09-19 14:45:00.490358,22.2,1458.0,751.4,30.1,121.5,Warning
2026-09-19 14:45:03.490358,27.9,1774.0,812.7,26.3,118.6,Warning
2026-09-19 14:45:06.490358,25.6,1415.0,744.7,49.5,241.5,Warning
2026-09-19 14:45:09.490358,17.3,1333.0,729.5,63.9,266.7,Danger
2026-09-19 14:45:12.490358,21.7,1358.0,766.2,83.4,350.3,Danger
2026-09-19 14:45:15.490358,24.1,1596.0,814.3,107.7,462.1,Danger
2026-09-19 14:45:18.490358,11.1,969.0,697.6,94.1,432.6,Danger
2026-09-19 14:45:21.490358,21.3,1443.0,722.2,103.5,410.4,Danger
2026-09-19 14:45:24.490358,14.4,1130.0,758.4,94.5,402.5,Danger
2026-09-19 14:45:27.490358,19.7,1283.0,766.1,96.2,378.5,Danger
2026-09-19 14:45:30.490358,12.2,1119.0,705.7,116.7,476.8,Danger
2026-09-19 14:45:33.490358,6.2,994.0,649.4,95.1,417.1,Danger
2026-09-19 14:45:36.490358,6.3,941.0,630.1,78.6,359.3,Danger
2026-09-19 14:45:39.490358,14.0,1182.0,720.6,60.4,243.9,Danger
2026-09-19 14:45:42.490358,14.3,1395.0,733.7,45.9,203.3,Warning
2026-09-19 14:45:45.490358,7.8,1143.0,592.7,15.5,52.6,Safe
2026-09-19 14:45:48.490358,14.9,1302.0,697.5,35.7,157.1,Warning
2026-09-19 14:45:51.490358,2.7,800.0,611.8,35.3,156.4,Warning
2026-09-19 14:45:54.490358,10.1,920.0,691.2,36.8,178.3,Warning
2026-09-19 14:45:57.490358,3.8,1039.0,678.3,51.4,256.2,Danger
2026-09-19 14:46:00.490358,6.1,1083.0,617.7,61.9,297.3,Danger
2026-09-19 14:46:03.490358,9.1,1247.0,652.5,61.1,330.6,Danger
2026-09-19 14:46:06.490358,4.0,810.0,611.7,80.4,352.4,Danger
2026-09-19 14:46:09.490358,6.0,914.0,615.6,90.7,429.3,Danger
2026-09-19 14:46:12.490358,12.5,866.0,686.0,87.4,462.1,Danger
2026-09-19 14:46:15.490358,4.2,846.0,664.3,88.1,425.2,Danger
2026-09-19 14:46:18.490358,10.9,1222.0,645.0,94.2,470.9,Danger
2026-09-19 14:46:21.490358,0.7,749.0,623.0,85.9,456.2,Danger
2026-09-19 14:46:24.490358,8.7,1115.0,601.9,102.6,526.5,Danger
2026-09-19 14:46:27.490358,13.1,1098.0,682.0,100.8,496.0,Danger
2026-09-19 14:46:30.490358,0.0,849.0,586.8,102.5,523.2,Danger
2026-09-19 14:46:33.490358,1.4,700.0,678.6,92.5,504.8,Danger
2026-09-19 14:46:36.490358,8.2,1017.0,654.3,93.6,442.2,Danger
2026-09-19 14:46:39.490358,4.1,700.0,545.1,85.5,433.9,Danger
2026-09-19 14:46:42.490358,6.9,945.0,575.4,90.1,426.7,Danger
2026-09-19 14:46:45.490358,2.0,700.0,617.3,89.1,432.1,Danger
2026-09-19 14:46:48.490358,5.4,1117.0,668.0,89.5,460.9,Danger
2026-09-19 14:46:51.490358,4.2,1023.0,648.9,86.5,425.9,Danger
2026-09-19 14:46:54.490358,10.9,1143.0,694.0,76.0,369.9,Danger
2026-09-19 14:46:57.490358,6.4,1189.0,697.9,66.3,328.6,Danger
2026-09-19 14:47:00.490358,7.0,832.0,634.1,56.5,287.8,Danger
2026-09-19 14:47:03.490358,3.4,1146.0,662.8,52.3,278.4,Danger
2026-09-19 14:47:06.490358,3.2,1019.0,560.2,34.8,172.9,Warning
2026-09-19 14:47:09.490358,3.7,857.0,593.2,42.2,165.8,Warning
2026-09-19 14:47:12.490358,8.1,1172.0,592.3,19.1,121.1,Safe
2026-09-19 14:47:15.490358,4.3,741.0,623.3,7.2,68.5,Safe
2026-09-19 14:47:18.490358,8.2,880.0,663.4,35.7,131.5,Warning
2026-09-19 14:47:21.490358,17.4,1145.0,744.1,21.8,90.6,Warning
2026-09-19 14:47:24.490358,11.8,1016.0,697.0,26.8,148.9,Warning
2026-09-19 14:47:27.490358,6.2,798.0,612.9,17.0,69.3,Safe
2026-09-19 14:47:30.490358,14.3,1342.0,707.1,20.9,40.5,Warning
2026-09-19 14:47:33.490358,6.8,931.0,594.3,33.9,172.3,Warning
2026-09-19 14:47:36.490358,0.0,853.0,654.5,22.5,91.5,Warning
2026-09-19 14:47:39.490358,4.8,835.0,626.5,8.2,63.4,Safe
2026-09-19 14:47:42.490358,1.1,700.0,589.2,19.4,66.0,Safe
2026-09-19 14:47:45.490358,9.3,1073.0,737.9,33.1,135.3,Warning
2026-09-19 14:47:48.490358,11.8,808.0,644.5,31.3,164.6,Warning
2026-09-19 14:47:51.490358,20.7,1308.0,720.8,19.2,107.6,Safe
2026-09-19 14:47:54.490358,14.7,961.0,673.5,23.9,128.6,Warning
2026-09-19 14:47:57.490358,12.7,1414.0,698.5,23.6,111.7,Warning
2026-09-19 14:48:00.490358,18.6,1403.0,766.3,31.4,129.6,Warning
2026-09-19 14:48:03.490358,4.2,921.0,663.2,16.3,64.4,Safe
2026-09-19 14:48:06.490358,17.2,1420.0,840.6,44.2,199.5,Warning
2026-09-19 14:48:09.490358,20.7,1191.0,675.7,21.9,127.8,Warning
2026-09-19 14:48:12.490358,10.3,1139.0,706.7,18.8,114.9,Safe
2026-09-19 14:48:15.490358,24.3,1437.0,771.9,29.9,175.4,Warning
2026-09-19 14:48:18.490358,21.1,1368.0,745.5,23.8,98.5,Warning
2026-09-19 14:48:21.490358,18.3,1447.0,721.2,24.6,105.9,Warning
2026-09-19 14:48:24.490358,24.4,1520.0,758.9,40.4,206.5,Warning
2026-09-19 14:48:27.490358,33.5,1682.0,935.7,26.8,99.3,Warning
2026-09-19 14:48:30.490358,24.0,1153.0,826.1,27.1,118.1,Warning
2026-09-19 14:48:33.490358,25.4,1290.0,803.7,17.4,124.7,Safe
2026-09-19 14:48:36.490358,22.8,1352.0,836.4,21.4,81.2,Warning
2026-09-19 14:48:39.490358,21.9,1360.0,714.3,26.7,121.7,Warning
2026-09-19 14:48:42.490358,31.3,1412.0,796.9,19.1,95.1,Safe
2026-09-19 14:48:45.490358,23.9,1758.0,703.8,43.6,245.9,Warning
2026-09-19 14:48:48.490358,29.5,1766.0,808.4,62.7,329.7,Danger
2026-09-19 14:48:51.490358,27.8,1586.0,829.2,77.4,443.1,Danger
2026-09-19 14:48:54.490358,33.7,1653.0,873.6,99.2,592.0,Danger
2026-09-19 14:48:57.490358,34.0,1619.0,878.2,98.4,564.9,Danger
2026-09-19 14:49:00.490358,38.6,1623.0,852.6,95.7,538.7,Danger
2026-09-19 14:49:03.490358,32.0,1611.0,887.9,102.4,569.0,Danger
2026-09-19 14:49:06.490358,34.3,1695.0,883.7,102.9,612.0,Danger
2026-09-19 14:49:09.490358,31.8,1409.0,883.8,119.2,696.0,Danger
2026-09-19 14:49:12.490358,35.6,1740.0,808.9,148.4,846.0,Danger
2026-09-19 14:49:15.490358,40.8,1796.0,938.8,136.9,792.4,Danger
2026-09-19 14:49:18.490358,43.8,1608.0,902.8,127.7,720.0,Danger
2026-09-19 14:49:21.490358,36.5,1583.0,876.0,123.3,678.3,Danger
2026-09-19 14:49:24.490358,46.5,1902.0,993.7,139.5,748.4,Danger
2026-09-19 14:49:27.490358,50.1,2335.0,1004.2,142.0,740.9,Danger
2026-09-19 14:49:30.490358,46.5,2045.0,937.6,161.9,846.5,Danger
2026-09-19 14:49:33.490358,54.9,1971.0,1039.1,158.6,853.9,Danger
2026-09-19 14:49:36.490358,42.7,1940.0,880.3,175.9,930.0,Danger
2026-09-19 14:49:39.490358,41.4,1603.0,977.3,161.2,791.9,Danger
2026-09-19 14:49:42.490358,39.8,1958.0,910.3,183.2,926.0,Danger
2026-09-19 14:49:45.490358,57.2,2160.0,1102.7,158.1,836.5,Danger
2026-09-19 14:49:48.490358,54.1,2138.0,1011.6,138.8,701.3,Danger
2026-09-19 14:49:51.490358,51.6,2288.0,991.7,99.5,518.6,Danger
2026-09-19 14:49:54.490358,54.3,1964.0,1003.7,72.5,374.6,Danger
2026-09-19 14:49:57.490358,48.3,1797.0,1021.2,53.8,269.4,Danger
2026-09-19 14:50:00.490358,67.1,2391.0,1108.7,36.9,148.9,Warning
2026-09-19 14:50:03.490358,56.5,2369.0,1078.1,39.0,173.2,Warning
2026-09-19 14:50:06.490358,57.4,2007.0,1044.0,26.7,150.6,Warning
2026-09-19 14:50:09.490358,61.4,1911.0,1012.5,23.2,83.5,Warning
2026-09-19 14:50:12.490358,61.2,2261.0,1066.5,22.7,133.2,Warning
2026-09-19 14:50:15.490358,60.8,2403.0,1039.2,31.7,158.0,Warning
2026-09-19 14:50:18.490358,56.6,2396.0,1054.3,30.5,158.2,Warning
2026-09-19 14:50:21.490358,63.8,2326.0,1062.9,48.8,223.3,Warning
2026-09-19 14:50:24.490358,71.7,2531.0,1210.8,32.9,135.8,Warning
2026-09-19 14:50:27.490358,69.9,2720.0,1155.3,27.9,136.8,Warning
2026-09-19 14:50:30.490358,71.9,2318.0,1168.3,37.9,189.4,Warning
2026-09-19 14:50:33.490358,62.2,2297.0,1123.8,43.9,210.9,Warning
2026-09-19 14:50:36.490358,60.6,2343.0,1123.1,28.7,129.5,Warning
2026-09-19 14:50:39.490358,65.6,2508.0,1124.2,34.4,171.7,Warning
2026-09-19 14:50:42.490358,67.2,2405.0,1107.1,36.1,164.5,Warning
2026-09-19 14:50:45.490358,73.1,2633.0,1114.1,33.7,168.5,Warning
2026-09-19 14:50:48.490358,59.9,1923.0,1051.4,25.0,137.3,Warning
2026-09-19 14:50:51.490358,76.6,2616.0,1188.1,41.5,173.5,Warning
2026-09-19 14:50:54.490358,68.8,2587.0,1154.4,40.5,174.6,Warning
2026-09-19 14:50:57.490358,68.0,2352.0,1130.1,27.7,121.2,Warning
2026-09-19 14:51:00.490358,65.6,2449.0,1152.4,32.9,133.7,Warning
2026-09-19 14:51:03.490358,62.9,2440.0,1078.8,37.3,196.1,Warning
2026-09-19 14:51:06.490358,75.8,2643.0,1204.0,42.6,215.0,Warning
2026-09-19 14:51:09.490358,72.5,2638.0,1227.3,40.4,195.4,Warning
2026-09-19 14:51:12.490358,66.1,2308.0,1142.4,31.7,135.0,Warning
2026-09-19 14:51:15.490358,66.5,2430.0,1129.2,31.6,171.2,Warning
2026-09-19 14:51:18.490358,71.6,2682.0,1148.8,49.5,268.8,Warning
2026-09-19 14:51:21.490358,82.0,2872.0,1230.3,28.1,132.7,Warning
2026-09-19 14:51:24.490358,72.6,2527.0,1146.8,50.2,228.8,Danger
2026-09-19 14:51:27.490358,66.6,2500.0,1111.5,24.6,131.8,Warning
2026-09-19 14:51:30.490358,73.2,2736.0,1215.4,41.5,203.0,Warning
2026-09-19 14:51:33.490358,73.2,2323.0,1176.8,45.8,194.4,Warning
2026-09-19 14:51:36.490358,61.2,2505.0,1035.9,24.4,110.5,Warning
2026-09-19 14:51:39.490358,74.6,2614.0,1267.3,44.9,228.1,Warning
2026-09-19 14:51:42.490358,73.8,2708.0,1203.0,30.5,169.5,Warning
2026-09-19 14:51:45.490358,78.5,2941.0,1171.4,43.3,216.3,Warning
2026-09-19 14:51:48.490358,84.2,2700.0,1256.3,35.8,135.8,Warning
2026-09-19 14:51:51.490358,80.6,2709.0,1249.4,41.7,223.2,Warning
2026-09-19 14:51:54.490358,73.6,2596.0,1256.9,43.8,216.6,Warning
2026-09-19 14:51:57.490358,69.3,2415.0,1110.2,47.0,210.1,Warning
2026-09-19 14:52:00.490358,87.6,3250.0,1339.8,36.3,192.4,Warning
2026-09-19 14:52:03.490358,74.9,2543.0,1254.9,42.5,200.0,Warning
2026-09-19 14:52:06.490358,74.4,2578.0,1170.5,23.2,139.6,Warning
2026-09-19 14:52:09.490358,74.0,2682.0,1181.2,24.5,126.6,Warning
2026-09-19 14:52:12.490358,74.9,2492.0,1157.7,18.1,121.8,Safe
2026-09-19 14:52:15.490358,72.9,2563.0,1175.0,33.8,155.6,Warning
2026-09-19 14:52:18.490358,70.4,2608.0,1161.9,36.1,145.1,Warning
2026-09-19 14:52:21.490358,70.2,2505.0,1188.0,28.4,148.3,Warning
2026-09-19 14:52:24.490358,72.4,2595.0,1222.6,22.7,138.6,Warning
2026-09-19 14:52:27.490358,69.4,2456.0,1125.3,29.1,147.9,Warning
2026-09-19 14:52:30.490358,68.1,2275.0,1066.1,25.3,139.8,Warning
2026-09-19 14:52:33.490358,71.7,2641.0,1172.9,25.0,141.3,Warning
2026-09-19 14:52:36.490358,69.4,2798.0,1166.9,38.9,170.0,Warning
2026-09-19 14:52:39.490358,77.6,2744.0,1231.1,49.0,226.1,Warning
2026-09-19 14:52:42.490358,56.3,2241.0,1037.3,24.3,131.7,Warning
2026-09-19 14:52:45.490358,74.4,2764.0,1200.2,56.7,275.0,Danger
2026-09-19 14:52:48.490358,74.5,2473.0,1257.0,55.0,241.8,Danger
2026-09-19 14:52:51.490358,57.3,2488.0,1073.6,44.5,183.3,Warning
2026-09-19 14:52:54.490358,65.3,2462.0,1107.1,44.0,201.3,Warning
2026-09-19 14:52:57.490358,64.4,2655.0,1095.2,33.7,191.1,Warning
2026-09-19 14:53:00.490358,58.5,2152.0,1061.0,36.0,121.2,Warning
2026-09-19 14:53:03.490358,60.9,2594.0,1152.3,24.8,132.9,Warning
2026-09-19 14:53:06.490358,58.4,2376.0,1059.9,38.8,199.7,Warning
2026-09-19 14:53:09.490358,71.9,2681.0,1174.5,40.3,197.5,Warning
2026-09-19 14:53:12.490358,67.0,2510.0,1116.6,29.5,153.2,Warning
2026-09-19 14:53:15.490358,67.8,2458.0,1186.4,30.1,157.2,Warning
2026-09-19 14:53:18.490358,64.2,2585.0,1191.8,42.4,231.9,Warning
2026-09-19 14:53:21.490358,54.0,2172.0,1050.2,33.7,166.3,Warning
2026-09-19 14:53:24.490358,56.1,1908.0,1052.4,33.5,158.7,Warning
2026-09-19 14:53:27.490358,60.3,2139.0,1083.6,30.0,149.4,Warning
2026-09-19 14:53:30.490358,50.8,2041.0,910.6,23.0,109.5,Warning
2026-09-19 14:53:33.490358,59.5,2333.0,1105.4,29.5,140.1,Warning
2026-09-19 14:53:36.490358,53.7,2134.0,1035.0,36.7,159.7,Warning
2026-09-19 14:53:39.490358,52.0,2283.0,1033.3,30.1,164.9,Warning
2026-09-19 14:53:42.490358,56.4,1918.0,1023.1,40.5,169.0,Warning
2026-09-19 14:53:45.490358,54.1,2173.0,1017.2,55.8,249.9,Danger
2026-09-19 14:53:48.490358,49.0,1753.0,975.6,52.5,217.7,Danger
2026-09-19 14:53:51.490358,55.6,2303.0,1085.4,73.6,298.3,Danger
2026-09-19 14:53:54.490358,43.3,1868.0,931.2,69.7,315.0,Danger
2026-09-19 14:53:57.490358,50.7,2131.0,1089.0,82.1,379.3,Danger
2026-09-19 14:54:00.490358,49.5,1909.0,1013.4,86.1,411.6,Danger
2026-09-19 14:54:03.490358,43.9,2090.0,900.4,94.5,421.5,Danger
2026-09-19 14:54:06.490358,46.0,2107.0,963.0,105.3,416.3,Danger
2026-09-19 14:54:09.490358,37.0,1813.0,870.2,89.5,417.8,Danger
2026-09-19 14:54:12.490358,46.8,1951.0,886.8,90.4,433.5,Danger
2026-09-19 14:54:15.490358,40.2,1891.0,985.4,102.0,468.7,Danger
2026-09-19 14:54:18.490358,37.4,1629.0,927.2,88.7,439.2,Danger
2026-09-19 14:54:21.490358,44.1,2032.0,974.5,91.7,405.6,Danger
2026-09-19 14:54:24.490358,34.3,1904.0,880.9,112.3,528.8,Danger
2026-09-19 14:54:27.490358,29.7,1702.0,782.0,93.9,417.7,Danger
2026-09-19 14:54:30.490358,27.8,1386.0,803.3,100.4,433.9,Danger
2026-09-19 14:54:33.490358,37.6,1793.0,934.1,89.5,374.2,Danger
2026-09-19 14:54:36.490358,27.0,1282.0,774.3,90.0,394.0,Danger
2026-09-19 14:54:39.490358,41.1,1914.0,827.8,90.2,411.3,Danger
2026-09-19 14:54:42.490358,20.9,1390.0,758.0,75.9,321.4,Danger
2026-09-19 14:54:45.490358,38.7,1487.0,904.1,79.4,357.5,Danger
2026-09-19 14:54:48.490358,30.2,1382.0,847.3,72.1,323.9,Danger
2026-09-19 14:54:51.490358,27.7,1449.0,850.4,57.8,245.4,Danger
2026-09-19 14:54:54.490358,24.4,1365.0,820.6,39.0,167.9,Warning
2026-09-19 14:54:57.490358,28.1,1321.0,835.1,33.3,154.6,Warning
2026-09-19 14:55:00.490358,24.9,1481.0,847.1,25.8,113.8,Warning
2026-09-19 14:55:03.490358,29.6,1578.0,776.3,19.4,105.9,Safe
2026-09-19 14:55:06.490358,23.7,1364.0,809.9,25.1,143.1,Warning
2026-09-19 14:55:09.490358,22.9,1260.0,808.5,20.1,77.5,Warning
2026-09-19 14:55:12.490358,19.4,1443.0,705.8,18.8,116.4,Safe
2026-09-19 14:55:15.490358,20.0,1549.0,700.2,21.1,124.4,Warning
2026-09-19 14:55:18.490358,21.0,1252.0,737.9,34.0,149.2,Warning
2026-09-19 14:55:21.490358,10.0,958.0,653.5,31.2,142.4,Warning
2026-09-19 14:55:24.490358,10.9,1147.0,717.7,26.3,160.7,Warning
2026-09-19 14:55:27.490358,20.6,1261.0,740.0,27.9,110.9,Warning
2026-09-19 14:55:30.490358,16.9,1201.0,700.9,23.0,117.6,Warning
2026-09-19 14:55:33.490358,14.3,1269.0,690.2,20.4,68.4,Warning
2026-09-19 14:55:36.490358,14.6,878.0,761.4,11.0,65.8,Safe
2026-09-19 14:55:39.490358,15.5,1385.0,724.4,22.9,114.7,Warning
2026-09-19 14:55:42.490358,10.3,1069.0,675.5,25.0,123.2,Warning
2026-09-19 14:55:45.490358,8.5,950.0,663.2,11.6,91.4,Safe
2026-09-19 14:55:48.490358,12.7,1103.0,753.0,19.1,69.7,Safe
2026-09-19 14:55:51.490358,6.2,948.0,619.3,16.9,51.2,Safe
2026-09-19 14:55:54.490358,12.5,853.0,752.5,18.5,118.5,Safe
2026-09-19 14:55:57.490358,1.4,1058.0,619.3,20.5,75.0,Warning
2026-09-19 14:56:00.490358,14.5,1168.0,709.4,28.5,143.3,Warning
2026-09-19 14:56:03.490358,11.2,1146.0,789.5,24.0,101.3,Warning
2026-09-19 14:56:06.490358,9.6,1183.0,634.7,10.2,67.1,Safe
2026-09-19 14:56:09.490358,12.8,967.0,688.2,29.3,129.3,Warning
2026-09-19 14:56:12.490358,15.8,1266.0,677.0,20.6,67.6,Warning
2026-09-19 14:56:15.490358,12.1,1063.0,735.2,36.3,164.0,Warning
2026-09-19 14:56:18.490358,0.0,927.0,667.6,24.7,141.4,Warning
2026-09-19 14:56:21.490358,0.0,700.0,666.8,15.9,40.3,Safe
2026-09-19 14:56:24.490358,3.0,860.0,672.8,16.5,89.4,Safe
2026-09-19 14:56:27.490358,6.0,859.0,639.9,21.1,79.1,Warning
2026-09-19 14:56:30.490358,8.2,1070.0,651.1,21.1,103.3,Warning
2026-09-19 14:56:33.490358,1.8,916.0,547.6,12.5,61.5,Safe
2026-09-19 14:56:36.490358,6.2,849.0,731.1,15.8,70.5,Safe
2026-09-19 14:56:39.490358,1.4,728.0,629.8,19.5,101.6,Safe
2026-09-19 14:56:42.490358,2.0,834.0,596.4,16.7,75.4,Safe
2026-09-19 14:56:45.490358,0.0,700.0,653.1,13.1,57.0,Safe
2026-09-19 14:56:48.490358,0.4,936.0,564.2,8.2,59.6,Safe
2026-09-19 14:56:51.490358,0.0,745.0,616.3,14.2,28.4,Safe
2026-09-19 14:56:54.490358,0.2,700.0,594.6,25.4,124.2,Warning
2026-09-19 14:56:57.490358,10.4,1004.0,708.9,9.4,49.8,Safe
2026-09-19 14:57:00.490358,0.5,700.0,601.7,26.9,119.7,Warning
2026-09-19 14:57:03.490358,18.6,1020.0,690.7,30.8,156.1,Warning
2026-09-19 14:57:06.490358,8.1,817.0,667.7,46.4,207.6,Warning
2026-09-19 14:57:09.490358,6.8,986.0,696.1,63.2,194.1,Danger
2026-09-19 14:57:12.490358,1.8,1044.0,613.3,69.9,256.0,Danger
2026-09-19 14:57:15.490358,9.9,1094.0,710.1,84.5,315.8,Danger
2026-09-19 14:57:18.490358,3.8,805.0,588.9,98.9,363.8,Danger
2026-09-19 14:57:21.490358,7.7,1060.0,660.4,129.0,468.3,Danger
2026-09-19 14:57:24.490358,20.3,1238.0,737.1,99.0,369.0,Danger
2026-09-19 14:57:27.490358,7.4,881.0,689.1,109.5,376.7,Danger
2026-09-19 14:57:30.490358,14.1,979.0,713.9,100.3,354.4,Danger
2026-09-19 14:57:33.490358,5.3,700.0,670.0,102.6,388.3,Danger
2026-09-19 14:57:36.490358,9.2,970.0,716.7,122.0,438.0,Danger
2026-09-19 14:57:39.490358,18.7,1292.0,777.5,103.0,387.3,Danger
2026-09-19 14:57:42.490358,7.3,968.0,669.4,82.4,283.6,Danger
2026-09-19 14:57:45.490358,20.1,1240.0,721.0,81.8,331.6,Danger
2026-09-19 14:57:48.490358,15.2,1039.0,721.7,68.4,246.8,Danger
2026-09-19 14:57:51.490358,9.5,1130.0,654.9,34.6,127.9,Warning
2026-09-19 14:57:54.490358,16.2,1007.0,715.8,24.7,133.3,Warning
2026-09-19 14:57:57.490358,18.6,1382.0,733.9,16.6,77.3,Safe
2026-09-19 14:58:00.490358,17.6,1090.0,701.6,30.8,149.8,Warning
2026-09-19 14:58:03.490358,7.4,872.0,580.9,20.7,102.4,Warning
2026-09-19 14:58:06.490358,12.4,890.0,672.5,21.5,131.6,Warning
2026-09-19 14:58:09.490358,15.6,1115.0,732.7,23.5,113.3,Warning
2026-09-19 14:58:12.490358,17.3,1379.0,684.6,25.3,117.9,Warning
2026-09-19 14:58:15.490358,21.7,1419.0,773.8,15.7,97.0,Safe
2026-09-19 14:58:18.490358,20.3,1455.0,838.5,25.9,173.4,Warning
2026-09-19 14:58:21.490358,13.7,1220.0,750.1,17.5,104.3,Safe
2026-09-19 14:58:24.490358,23.1,1213.0,850.9,31.9,141.6,Warning
2026-09-19 14:58:27.490358,25.2,1381.0,817.5,25.9,97.7,Warning
2026-09-19 14:58:30.490358,25.9,1331.0,854.2,22.8,100.3,Warning
2026-09-19 14:58:33.490358,29.5,1737.0,807.2,21.4,112.4,Warning
2026-09-19 14:58:36.490358,29.3,1352.0,808.4,18.2,64.0,Safe
2026-09-19 14:58:39.490358,28.4,1644.0,717.6,20.8,98.3,Warning
2026-09-19 14:58:42.490358,26.8,1603.0,861.6,31.6,175.5,Warning
2026-09-19 14:58:45.490358,19.8,1570.0,820.3,26.2,125.8,Warning
2026-09-19 14:58:48.490358,31.3,1522.0,828.5,38.0,129.3,Warning
2026-09-19 14:58:51.490358,31.3,1689.0,840.0,20.4,115.7,Warning
2026-09-19 14:58:54.490358,32.7,1959.0,831.1,33.5,154.4,Warning
2026-09-19 14:58:57.490358,26.0,1357.0,823.2,25.5,103.5,Warning
2026-09-19 14:59:00.490358,28.0,1271.0,869.3,33.8,185.2,Warning
2026-09-19 14:59:03.490358,39.8,1513.0,848.6,34.8,123.0,Warning
2026-09-19 14:59:06.490358,35.4,1792.0,899.7,20.8,87.1,Warning
2026-09-19 14:59:09.490358,40.1,1520.0,909.8,18.5,122.3,Safe
2026-09-19 14:59:12.490358,37.9,1693.0,908.1,25.1,91.6,Warning
2026-09-19 14:59:15.490358,39.0,1842.0,930.8,36.1,116.2,Warning
2026-09-19 14:59:18.490358,44.7,1945.0,950.0,21.3,100.8,Warning
2026-09-19 14:59:21.490358,38.5,1827.0,904.0,21.1,107.0,Warning
2026-09-19 14:59:24.490358,42.7,1900.0,932.9,23.4,132.5,Warning
2026-09-19 14:59:27.490358,41.0,2016.0,966.7,24.0,104.4,Warning
2026-09-19 14:59:30.490358,42.2,1713.0,954.5,47.9,167.3,Warning
2026-09-19 14:59:33.490358,43.9,1797.0,960.3,71.1,274.5,Danger
2026-09-19 14:59:36.490358,47.7,1876.0,930.5,85.1,295.8,Danger
2026-09-19 14:59:39.490358,45.2,2056.0,946.8,120.6,397.9,Danger
2026-09-19 14:59:42.490358,55.0,2310.0,1075.8,106.3,382.2,Danger
2026-09-19 14:59:45.490358,45.3,2000.0,963.8,115.5,393.3,Danger
2026-09-19 14:59:48.490358,49.9,2225.0,1025.4,112.2,393.9,Danger
2026-09-19 14:59:51.490358,49.7,1865.0,1067.9,120.3,426.2,Danger
2026-09-19 14:59:54.490358,60.1,2553.0,1122.5,116.6,397.4,Danger
2026-09-19 14:59:57.490358,54.9,2401.0,1042.8,107.8,360.7,Danger
2026-09-19 15:00:00.490358,60.1,2412.0,1060.1,95.6,353.8,Danger
2026-09-19 15:00:03.490358,48.5,2279.0,885.6,71.9,248.3,Danger
2026-09-19 15:00:06.490358,58.2,2006.0,1058.8,60.5,285.9,Danger
2026-09-19 15:00:09.490358,62.3,2278.0,1085.1,22.5,121.6,Warning
2026-09-19 15:00:12.490358,59.2,2169.0,1088.9,32.8,140.1,Warning
2026-09-19 15:00:15.490358,65.0,2533.0,1113.8,30.0,130.3,Warning
2026-09-19 15:00:18.490358,58.0,2092.0,1051.1,19.8,145.8,Safe
2026-09-19 15:00:21.490358,68.5,2626.0,1076.8,48.0,249.6,Warning
2026-09-19 15:00:24.490358,73.8,2851.0,1152.8,33.1,188.0,Warning
2026-09-19 15:00:27.490358,61.3,2438.0,1109.7,39.8,207.8,Warning
2026-09-19 15:00:30.490358,61.7,2386.0,1162.5,30.7,181.2,Warning
2026-09-19 15:00:33.490358,72.0,2452.0,1172.2,41.7,213.3,Warning
2026-09-19 15:00:36.490358,73.4,2508.0,1200.4,34.2,182.5,Warning
2026-09-19 15:00:39.490358,63.6,2578.0,1147.2,38.6,179.7,Warning
2026-09-19 15:00:42.490358,64.9,2539.0,1086.5,24.3,157.7,Warning
2026-09-19 15:00:45.490358,66.2,2450.0,1144.6,29.8,123.8,Warning
2026-09-19 15:00:48.490358,61.6,2277.0,1063.1,35.4,182.2,Warning
2026-09-19 15:00:51.490358,64.4,2105.0,1149.4,52.0,268.2,Danger
2026-09-19 15:00:54.490358,64.5,2253.0,1122.3,62.0,319.2,Danger
2026-09-19 15:00:57.490358,66.3,2744.0,1142.2,80.8,426.9,Danger
2026-09-19 15:01:00.490358,70.5,2370.0,1132.7,85.2,480.5,Danger
2026-09-19 15:01:03.490358,72.4,2637.0,1207.1,109.2,574.8,Danger
2026-09-19 15:01:06.490358,79.4,2937.0,1318.8,95.4,533.6,Danger
2026-09-19 15:01:09.490358,67.1,2290.0,1096.7,85.8,500.7,Danger
2026-09-19 15:01:12.490358,77.5,2764.0,1206.1,97.7,569.9,Danger
2026-09-19 15:01:15.490358,71.9,2737.0,1184.2,104.1,532.4,Danger
2026-09-19 15:01:18.490358,73.0,2628.0,1215.8,96.9,538.4,Danger
2026-09-19 15:01:21.490358,77.0,3155.0,1193.5,100.6,553.4,Danger
2026-09-19 15:01:24.490358,68.3,2257.0,1033.0,83.9,495.5,Danger
2026-09-19 15:01:27.490358,76.1,2861.0,1262.9,104.9,557.3,Danger
2026-09-19 15:01:30.490358,75.2,2654.0,1232.1,94.3,520.3,Danger
2026-09-19 15:01:33.490358,77.0,2842.0,1146.5,95.3,523.4,Danger
2026-09-19 15:01:36.490358,76.2,2770.0,1185.1,93.6,534.5,Danger
2026-09-19 15:01:39.490358,87.1,2868.0,1359.7,75.0,405.3,Danger
2026-09-19 15:01:42.490358,71.7,2628.0,1231.8,76.2,420.8,Danger
2026-09-19 15:01:45.490358,72.3,2330.0,1216.2,45.4,237.4,Warning
2026-09-19 15:01:48.490358,71.9,2688.0,1168.0,34.1,198.5,Warning
2026-09-19 15:01:51.490358,72.2,2650.0,1181.0,22.9,115.1,Warning
2026-09-19 15:01:54.490358,71.7,2689.0,1168.7,38.1,205.7,Warning
2026-09-19 15:01:57.490358,80.8,2978.0,1291.4,42.5,232.6,Warning
2026-09-19 15:02:00.490358,81.8,2901.0,1219.6,40.2,189.3,Warning
2026-09-19 15:02:03.490358,71.7,2615.0,1141.5,44.7,204.3,Warning
2026-09-19 15:02:06.490358,70.2,2423.0,1202.2,31.8,144.9,Warning
2026-09-19 15:02:09.490358,76.5,2606.0,1210.3,26.4,170.6,Warning
2026-09-19 15:02:12.490358,71.1,2756.0,1224.3,28.0,125.8,Warning
2026-09-19 15:02:15.490358,76.8,2935.0,1187.3,30.2,186.3,Warning
2026-09-19 15:02:18.490358,74.3,2622.0,1192.2,43.4,191.5,Warning
2026-09-19 15:02:21.490358,65.4,2441.0,1085.9,33.9,147.6,Warning
2026-09-19 15:02:24.490358,80.3,2671.0,1242.5,45.5,234.7,Warning
2026-09-19 15:02:27.490358,81.1,3003.0,1189.7,49.5,215.0,Warning
2026-09-19 15:02:30.490358,68.6,2615.0,1129.3,41.1,209.5,Warning
2026-09-19 15:02:33.490358,69.2,2822.0,1096.5,33.1,148.5,Warning
2026-09-19 15:02:36.490358,72.1,2471.0,1204.6,32.1,125.7,Warning
2026-09-19 15:02:39.490358,71.8,2538.0,1203.0,29.2,144.5,Warning
2026-09-19 15:02:42.490358,72.8,2656.0,1113.5,37.2,198.6,Warning
2026-09-19 15:02:45.490358,79.0,2872.0,1285.3,35.0,189.7,Warning
2026-09-19 15:02:48.490358,67.4,2453.0,1239.3,50.5,241.0,Danger
2026-09-19 15:02:51.490358,63.7,2261.0,1111.2,36.1,167.0,Warning
2026-09-19 15:02:54.490358,60.1,2434.0,1054.9,24.2,117.9,Warning
2026-09-19 15:02:57.490358,62.6,2473.0,1213.8,30.3,144.2,Warning
2026-09-19 15:03:00.490358,65.3,2296.0,1070.0,33.8,200.7,Warning
2026-09-19 15:03:03.490358,73.7,2846.0,1190.6,34.2,146.1,Warning
2026-09-19 15:03:06.490358,61.4,2510.0,1098.2,39.0,176.4,Warning
2026-09-19 15:03:09.490358,64.3,2427.0,1167.9,29.1,140.8,Warning
2026-09-19 15:03:12.490358,62.2,2368.0,1112.2,29.7,166.7,Warning
2026-09-19 15:03:15.490358,67.4,2568.0,1119.2,46.0,211.0,Warning
2026-09-19 15:03:18.490358,73.2,2501.0,1147.6,38.5,214.4,Warning
2026-09-19 15:03:21.490358,57.0,2230.0,1042.5,51.6,232.3,Danger
2026-09-19 15:03:24.490358,56.3,1885.0,1010.2,27.5,120.5,Warning
2026-09-19 15:03:27.490358,63.0,2507.0,1106.2,33.3,159.2,Warning
2026-09-19 15:03:30.490358,60.3,2073.0,1059.6,20.3,127.1,Warning
2026-09-19 15:03:33.490358,65.1,2654.0,1061.2,30.6,145.6,Warning
2026-09-19 15:03:36.490358,57.8,2196.0,1112.8,36.1,201.9,Warning
2026-09-19 15:03:39.490358,52.1,2071.0,996.9,23.7,132.1,Warning
2026-09-19 15:03:42.490358,55.8,2102.0,996.0,31.1,129.0,Warning
2026-09-19 15:03:45.490358,57.4,2192.0,1052.5,22.4,103.0,Warning
2026-09-19 15:03:48.490358,54.9,2386.0,1042.1,28.6,138.5,Warning
2026-09-19 15:03:51.490358,52.3,1734.0,948.5,22.7,97.3,Warning
2026-09-19 15:03:54.490358,54.0,2342.0,1045.6,25.2,106.2,Warning
2026-09-19 15:03:57.490358,53.5,2188.0,986.0,21.9,101.5,Warning
2026-09-19 15:04:00.490358,53.5,1956.0,1096.2,27.9,123.4,Warning
2026-09-19 15:04:03.490358,48.7,1857.0,1010.7,42.6,164.7,Warning
2026-09-19 15:04:06.490358,43.6,2140.0,932.4,32.6,118.5,Warning
2026-09-19 15:04:09.490358,44.0,1759.0,922.4,29.6,126.8,Warning
2026-09-19 15:04:12.490358,48.2,1833.0,981.6,31.5,164.6,Warning
2026-09-19 15:04:15.490358,37.0,1896.0,920.6,30.2,145.8,Warning
2026-09-19 15:04:18.490358,41.8,1897.0,933.7,13.1,119.6,Safe
2026-09-19 15:04:21.490358,36.9,1583.0,886.8,21.5,132.5,Warning
2026-09-19 15:04:24.490358,37.9,1781.0,905.9,27.1,149.1,Warning
2026-09-19 15:04:27.490358,43.1,1724.0,920.6,15.2,100.4,Safe
2026-09-19 15:04:30.490358,36.6,1879.0,878.8,29.1,158.1,Warning
2026-09-19 15:04:33.490358,34.8,1828.0,794.6,28.6,179.0,Warning
2026-09-19 15:04:36.490358,26.6,1546.0,852.1,19.3,86.0,Safe
2026-09-19 15:04:39.490358,36.1,1757.0,900.7,33.3,121.1,Warning
2026-09-19 15:04:42.490358,34.5,1927.0,845.2,31.2,141.6,Warning
2026-09-19 15:04:45.490358,41.1,1826.0,1004.4,31.2,127.7,Warning
2026-09-19 15:04:48.490358,27.6,1314.0,824.6,30.3,146.7,Warning
2026-09-19 15:04:51.490358,29.2,1598.0,792.5,13.1,89.3,Safe
2026-09-19 15:04:54.490358,28.4,1822.0,861.2,21.4,127.1,Warning
2026-09-19 15:04:57.490358,34.0,1497.0,887.8,18.8,86.8,Safe
2026-09-19 15:05:00.490358,24.6,1361.0,812.8,25.9,140.5,Warning
2026-09-19 15:05:03.490358,25.5,1500.0,787.0,18.9,106.2,Safe
2026-09-19 15:05:06.490358,26.2,1446.0,827.4,17.1,78.8,Safe
2026-09-19 15:05:09.490358,23.1,1231.0,774.5,26.6,142.0,Warning
2026-09-19 15:05:12.490358,19.0,1444.0,774.3,18.6,68.0,Safe
2026-09-19 15:05:15.490358,21.3,1680.0,694.2,27.1,162.3,Warning
2026-09-19 15:05:18.490358,24.8,1449.0,781.0,31.8,130.9,Warning
2026-09-19 15:05:21.490358,13.4,1000.0,776.2,19.1,110.5,Safe
2026-09-19 15:05:24.490358,18.4,1027.0,716.2,14.6,33.1,Safe
2026-09-19 15:05:27.490358,13.4,1173.0,682.7,19.8,93.4,Safe
2026-09-19 15:05:30.490358,22.0,1516.0,758.2,24.7,127.0,Warning
2026-09-19 15:05:33.490358,7.6,1062.0,612.5,31.6,138.6,Warning
2026-09-19 15:05:36.490358,11.7,1092.0,605.2,28.4,115.2,Warning
2026-09-19 15:05:39.490358,15.6,1102.0,715.8,24.7,118.7,Warning
2026-09-19 15:05:42.490358,20.9,1158.0,772.3,19.1,110.4,Safe
2026-09-19 15:05:45.490358,12.0,1226.0,694.0,33.6,159.1,Warning
2026-09-19 15:05:48.490358,8.9,1160.0,665.5,26.1,152.8,Warning
2026-09-19 15:05:51.490358,20.5,1080.0,765.4,23.9,98.0,Warning
2026-09-19 15:05:54.490358,3.2,1119.0,666.6,45.5,211.7,Warning
2026-09-19 15:05:57.490358,0.0,886.0,592.4,30.1,130.1,Warning
2026-09-19 15:06:00.490358,11.5,1298.0,669.3,20.3,94.9,Warning
2026-09-19 15:06:03.490358,6.3,756.0,639.2,23.1,94.3,Warning
2026-09-19 15:06:06.490358,3.2,700.0,649.0,15.5,102.8,Safe
2026-09-19 15:06:09.490358,11.4,1063.0,747.8,23.5,85.8,Warning
2026-09-19 15:06:12.490358,8.7,1092.0,644.3,19.6,90.2,Safe
2026-09-19 15:06:15.490358,4.2,1176.0,637.9,28.0,157.8,Warning
2026-09-19 15:06:18.490358,0.3,914.0,616.0,20.2,84.4,Warning
2026-09-19 15:06:21.490358,10.8,1032.0,646.3,24.6,131.9,Warning
2026-09-19 15:06:24.490358,9.4,880.0,675.6,15.8,96.8,Safe
2026-09-19 15:06:27.490358,5.3,1118.0,584.1,20.8,63.8,Warning
2026-09-19 15:06:30.490358,14.9,1027.0,648.1,24.4,96.6,Warning
2026-09-19 15:06:33.490358,0.1,1046.0,615.3,35.6,180.0,Warning
2026-09-19 15:06:36.490358,0.0,757.0,584.6,15.4,67.7,Safe
2026-09-19 15:06:39.490358,1.7,1081.0,621.7,25.9,113.1,Warning
2026-09-19 15:06:42.490358,4.8,1023.0,638.0,20.8,89.1,Warning
2026-09-19 15:06:45.490358,6.2,935.0,610.8,12.4,76.0,Safe
2026-09-19 15:06:48.490358,3.8,817.0,628.5,13.8,46.4,Safe
2026-09-19 15:06:51.490358,6.8,918.0,604.9,16.4,64.0,Safe
2026-09-19 15:06:54.490358,0.0,864.0,655.6,18.8,77.1,Safe
2026-09-19 15:06:57.490358,12.4,1121.0,644.8,16.7,79.4,Safe
2026-09-19 15:07:00.490358,4.9,833.0,631.1,16.5,78.6,Safe
2026-09-19 15:07:03.490358,11.0,1051.0,646.4,15.9,57.8,Safe
2026-09-19 15:07:06.490358,7.3,995.0,681.5,17.8,85.6,Safe
2026-09-19 15:07:09.490358,8.1,700.0,651.8,9.9,56.1,Safe
2026-09-19 15:07:12.490358,8.9,1092.0,650.8,15.8,65.9,Safe
2026-09-19 15:07:15.490358,8.6,869.0,703.2,11.1,82.5,Safe
2026-09-19 15:07:18.490358,9.9,875.0,680.6,19.2,86.6,Safe
2026-09-19 15:07:21.490358,13.7,890.0,730.4,17.0,75.9,Safe
2026-09-19 15:07:24.490358,8.4,742.0,628.3,16.7,67.4,Safe
2026-09-19 15:07:27.490358,11.4,882.0,635.2,12.8,57.2,Safe
2026-09-19 15:07:30.490358,7.9,891.0,667.3,13.7,124.6,Safe
2026-09-19 15:07:33.490358,16.0,1493.0,715.4,28.8,72.6,Warning
2026-09-19 15:07:36.490358,5.9,870.0,672.6,21.5,95.6,Warning
2026-09-19 15:07:39.490358,18.9,1299.0,747.8,24.0,114.0,Warning
2026-09-19 15:07:42.490358,10.2,1116.0,690.2,34.1,169.8,Warning
2026-09-19 15:07:45.490358,3.9,917.0,566.3,15.1,96.7,Safe
2026-09-19 15:07:48.490358,12.3,1097.0,774.1,19.7,73.9,Safe
2026-09-19 15:07:51.490358,8.9,844.0,664.9,22.9,82.8,Warning
2026-09-19 15:07:54.490358,17.2,1449.0,765.8,19.7,71.4,Safe
2026-09-19 15:07:57.490358,10.5,1333.0,650.4,20.8,116.9,Warning
2026-09-19 15:08:00.490358,12.3,854.0,710.4,17.4,72.6,Safe
2026-09-19 15:08:03.490358,5.8,791.0,594.3,17.0,69.6,Safe
2026-09-19 15:08:06.490358,13.8,1103.0,728.3,20.2,69.3,Warning
2026-09-19 15:08:09.490358,4.7,774.0,623.6,21.8,73.8,Warning
2026-09-19 15:08:12.490358,9.8,1120.0,679.3,42.7,202.8,Warning
2026-09-19 15:08:15.490358,22.4,1250.0,806.7,34.6,167.8,Warning
2026-09-19 15:08:18.490358,23.4,1709.0,737.6,9.1,72.8,Safe
2026-09-19 15:08:21.490358,22.5,1540.0,752.3,28.6,175.7,Warning
2026-09-19 15:08:24.490358,16.4,1242.0,749.6,15.7,66.2,Safe
2026-09-19 15:08:27.490358,21.9,1503.0,859.5,27.5,97.2,Warning
2026-09-19 15:08:30.490358,23.1,1544.0,779.4,23.0,96.3,Warning
2026-09-19 15:08:33.490358,18.3,1173.0,770.2,24.6,119.1,Warning
2026-09-19 15:08:36.490358,32.6,1493.0,856.6,36.9,183.4,Warning
2026-09-19 15:08:39.490358,30.5,1574.0,921.6,29.4,137.3,Warning
2026-09-19 15:08:42.490358,26.0,1580.0,738.2,23.0,105.7,Warning
2026-09-19 15:08:45.490358,28.3,1528.0,830.0,26.4,107.2,Warning
2026-09-19 15:08:48.490358,30.2,1319.0,776.8,29.7,130.5,Warning
2026-09-19 15:08:51.490358,20.0,1180.0,660.0,13.5,62.9,Safe
2026-09-19 15:08:54.490358,30.1,1540.0,852.4,30.5,147.4,Warning
2026-09-19 15:08:57.490358,29.0,1513.0,837.2,19.8,105.2,Safe
2026-09-19 15:09:00.490358,28.4,1807.0,816.1,26.0,128.5,Warning
2026-09-19 15:09:03.490358,33.1,1420.0,860.7,43.6,205.6,Warning
2026-09-19 15:09:06.490358,44.6,1991.0,1080.7,33.0,158.1,Warning
2026-09-19 15:09:09.490358,39.9,2021.0,909.0,41.9,186.5,Warning
2026-09-19 15:09:12.490358,34.9,2014.0,900.0,30.5,118.8,Warning
2026-09-19 15:09:15.490358,41.8,1783.0,908.1,37.6,187.1,Warning
2026-09-19 15:09:18.490358,47.0,2049.0,987.8,15.8,149.5,Safe
2026-09-19 15:09:21.490358,45.7,2029.0,956.3,37.0,162.0,Warning
2026-09-19 15:09:24.490358,42.5,1892.0,923.5,37.6,199.5,Warning
2026-09-19 15:09:27.490358,40.1,1787.0,993.2,40.9,225.3,Warning
2026-09-19 15:09:30.490358,47.9,2062.0,1030.1,52.6,308.9,Danger
2026-09-19 15:09:33.490358,47.4,1606.0,985.0,47.8,265.5,Warning
2026-09-19 15:09:36.490358,51.0,2178.0,916.1,61.1,361.8,Danger
2026-09-19 15:09:39.490358,50.8,2089.0,992.0,58.5,383.3,Danger
2026-09-19 15:09:42.490358,54.0,2115.0,1139.7,66.7,446.1,Danger
2026-09-19 15:09:45.490358,47.1,2284.0,967.5,77.2,460.8,Danger
2026-09-19 15:09:48.490358,57.4,2134.0,1103.3,85.6,516.2,Danger
2026-09-19 15:09:51.490358,52.8,2061.0,1080.4,85.2,533.9,Danger
2026-09-19 15:09:54.490358,63.3,2680.0,1114.8,80.7,536.6,Danger
2026-09-19 15:09:57.490358,50.5,1937.0,970.0,79.3,505.7,Danger
2026-09-19 15:10:00.490358,63.6,2307.0,1011.2,101.1,624.6,Danger
2026-09-19 15:10:03.490358,56.9,2200.0,1082.4,116.0,694.0,Danger
2026-09-19 15:10:06.490358,53.6,2266.0,996.2,115.8,679.5,Danger
2026-09-19 15:10:09.490358,55.4,2216.0,1050.2,116.1,728.8,Danger
2026-09-19 15:10:12.490358,57.2,2035.0,1007.2,132.6,811.4,Danger
2026-09-19 15:10:15.490358,61.8,2265.0,1083.7,138.8,815.7,Danger
2026-09-19 15:10:18.490358,63.2,2289.0,1106.8,142.0,862.9,Danger
2026-09-19 15:10:21.490358,58.6,2253.0,1079.4,146.3,857.9,Danger
2026-09-19 15:10:24.490358,62.2,2419.0,1052.9,167.7,971.7,Danger
2026-09-19 15:10:27.490358,73.9,2709.0,1238.7,162.5,960.3,Danger
2026-09-19 15:10:30.490358,72.6,2349.0,1156.9,150.5,880.4,Danger
2026-09-19 15:10:33.490358,66.9,2633.0,1068.5,143.2,832.1,Danger
2026-09-19 15:10:36.490358,65.7,2480.0,1121.3,126.6,761.6,Danger
2026-09-19 15:10:39.490358,66.9,2679.0,1136.2,137.1,734.2,Danger
2026-09-19 15:10:42.490358,70.0,2618.0,1166.7,124.0,719.2,Danger
2026-09-19 15:10:45.490358,62.5,2529.0,1154.8,119.0,682.0,Danger
2026-09-19 15:10:48.490358,67.0,2546.0,1126.8,110.0,628.6,Danger
2026-09-19 15:10:51.490358,60.6,2517.0,1080.1,102.8,593.1,Danger
2026-09-19 15:10:54.490358,71.5,2667.0,1128.3,110.4,617.3,Danger
2026-09-19 15:10:57.490358,73.4,2619.0,1219.7,86.7,444.0,Danger
2026-09-19 15:11:00.490358,68.3,2847.0,1153.4,88.8,453.4,Danger
2026-09-19 15:11:03.490358,79.1,2910.0,1215.6,75.8,366.8,Danger
2026-09-19 15:11:06.490358,65.5,2525.0,1048.1,82.2,397.4,Danger
2026-09-19 15:11:09.490358,64.8,2229.0,1176.2,56.7,288.3,Danger
2026-09-19 15:11:12.490358,73.7,2448.0,1140.2,65.9,302.0,Danger
2026-09-19 15:11:15.490358,78.2,2798.0,1201.7,44.8,237.2,Warning
2026-09-19 15:11:18.490358,81.7,2864.0,1268.0,38.8,190.1,Warning
2026-09-19 15:11:21.490358,71.3,2491.0,1122.7,28.5,128.7,Warning
2026-09-19 15:11:24.490358,79.3,2803.0,1174.6,30.9,168.0,Warning
2026-09-19 15:11:27.490358,74.0,2887.0,1106.8,40.8,175.7,Warning
2026-09-19 15:11:30.490358,73.5,2742.0,1217.0,32.4,155.5,Warning
2026-09-19 15:11:33.490358,79.0,2604.0,1210.1,28.5,161.1,Warning
2026-09-19 15:11:36.490358,78.0,2733.0,1341.0,45.0,249.0,Warning
2026-09-19 15:11:39.490358,67.0,2353.0,1095.9,29.1,151.6,Warning
2026-09-19 15:11:42.490358,82.3,2800.0,1221.7,59.9,238.4,Danger
2026-09-19 15:11:45.490358,81.9,2785.0,1232.4,45.0,186.8,Warning
2026-09-19 15:11:48.490358,71.9,2525.0,1184.7,31.4,154.6,Warning
2026-09-19 15:11:51.490358,77.0,2536.0,1196.9,30.4,166.4,Warning
2026-09-19 15:11:54.490358,77.4,2716.0,1243.7,22.3,128.9,Warning
2026-09-19 15:11:57.490358,76.1,2620.0,1170.0,31.0,140.5,Warning
2026-09-19 15:12:00.490358,72.0,2160.0,1120.5,30.0,130.7,Warning
2026-09-19 15:12:03.490358,71.2,2888.0,1097.8,35.8,174.4,Warning
2026-09-19 15:12:06.490358,74.3,2820.0,1105.1,44.1,220.4,Warning
2026-09-19 15:12:09.490358,80.0,2744.0,1219.4,31.2,134.2,Warning
2026-09-19 15:12:12.490358,76.6,2718.0,1200.9,38.2,200.8,Warning
2026-09-19 15:12:15.490358,71.8,2418.0,1148.8,25.9,103.0,Warning
2026-09-19 15:12:18.490358,77.1,2983.0,1266.9,46.9,258.4,Warning
2026-09-19 15:12:21.490358,58.7,2552.0,1118.6,32.3,134.3,Warning
2026-09-19 15:12:24.490358,78.3,2781.0,1212.9,33.8,181.0,Warning
2026-09-19 15:12:27.490358,63.4,2539.0,1035.6,37.7,159.1,Warning
2026-09-19 15:12:30.490358,69.9,2573.0,1136.2,22.2,149.3,Warning
2026-09-19 15:12:33.490358,65.6,2239.0,1100.7,30.8,151.9,Warning
2026-09-19 15:12:36.490358,64.2,2343.0,1087.3,41.8,204.1,Warning
2026-09-19 15:12:39.490358,75.9,2718.0,1179.5,28.1,165.1,Warning
2026-09-19 15:12:42.490358,67.2,2412.0,1111.6,29.9,156.8,Warning
2026-09-19 15:12:45.490358,70.7,2534.0,1150.0,29.0,118.9,Warning
2026-09-19 15:12:48.490358,68.1,2488.0,1119.2,21.4,136.0,Warning
2026-09-19 15:12:51.490358,70.0,2539.0,1168.7,29.6,126.1,Warning
2026-09-19 15:12:54.490358,67.4,2492.0,1153.2,38.6,183.1,Warning
2026-09-19 15:12:57.490358,59.8,2137.0,1042.3,25.6,115.2,Warning
2026-09-19 15:13:00.490358,70.5,2455.0,1214.8,24.9,114.3,Warning
2026-09-19 15:13:03.490358,62.3,2164.0,1059.0,44.9,206.3,Warning
2026-09-19 15:13:06.490358,56.2,2351.0,984.7,33.1,140.1,Warning
2026-09-19 15:13:09.490358,61.0,2009.0,1103.3,43.9,205.3,Warning
2026-09-19 15:13:12.490358,69.8,2718.0,1125.8,31.2,156.0,Warning
2026-09-19 15:13:15.490358,65.7,2651.0,1138.5,46.1,220.5,Warning
2026-09-19 15:13:18.490358,58.8,2225.0,974.5,33.5,154.9,Warning
2026-09-19 15:13:21.490358,57.9,1858.0,1119.1,26.5,108.4,Warning
2026-09-19 15:13:24.490358,57.1,2174.0,1084.1,40.2,181.3,Warning
2026-09-19 15:13:27.490358,68.2,2495.0,1085.6,18.6,143.7,Safe
2026-09-19 15:13:30.490358,58.8,2118.0,1011.0,34.2,157.3,Warning
2026-09-19 15:13:33.490358,58.0,2174.0,1131.2,27.1,103.8,Warning
2026-09-19 15:13:36.490358,60.1,2531.0,1050.9,30.1,118.8,Warning
2026-09-19 15:13:39.490358,55.1,2277.0,1007.4,32.8,170.7,Warning
2026-09-19 15:13:42.490358,51.6,1951.0,922.1,25.0,147.9,Warning
2026-09-19 15:13:45.490358,50.9,1832.0,993.0,15.6,94.2,Safe
2026-09-19 15:13:48.490358,50.5,2012.0,994.6,22.8,102.6,Warning
2026-09-19 15:13:51.490358,49.6,2007.0,1025.2,30.5,127.5,Warning
2026-09-19 15:13:54.490358,52.3,2183.0,962.8,27.4,136.0,Warning
2026-09-19 15:13:57.490358,47.9,1917.0,922.3,30.1,111.3,Warning
2026-09-19 15:14:00.490358,50.2,2132.0,1019.8,28.9,136.7,Warning
2026-09-19 15:14:03.490358,45.1,2217.0,1000.8,34.0,133.3,Warning
2026-09-19 15:14:06.490358,44.8,2042.0,895.4,44.9,210.6,Warning
2026-09-19 15:14:09.490358,33.3,1625.0,909.7,22.1,132.2,Warning
2026-09-19 15:14:12.490358,46.8,1942.0,975.7,43.2,220.2,Warning
2026-09-19 15:14:15.490358,42.8,1817.0,986.3,43.2,161.3,Warning
2026-09-19 15:14:18.490358,45.0,2102.0,957.1,80.5,363.4,Danger
2026-09-19 15:14:21.490358,24.4,1316.0,694.5,54.6,279.1,Danger
2026-09-19 15:14:24.490358,48.2,2013.0,979.9,80.9,397.1,Danger
2026-09-19 15:14:27.490358,36.0,1708.0,930.5,83.2,419.8,Danger
2026-09-19 15:14:30.490358,41.2,1754.0,893.5,94.0,451.5,Danger
2026-09-19 15:14:33.490358,29.3,1327.0,819.1,96.3,443.0,Danger
2026-09-19 15:14:36.490358,36.5,1761.0,885.0,89.5,453.3,Danger
2026-09-19 15:14:39.490358,27.1,1468.0,700.8,106.3,473.4,Danger
2026-09-19 15:14:42.490358,28.2,1579.0,892.3,106.1,521.4,Danger
2026-09-19 15:14:45.490358,39.8,1715.0,882.4,89.3,426.3,Danger
2026-09-19 15:14:48.490358,28.2,1689.0,846.1,103.0,530.1,Danger
2026-09-19 15:14:51.490358,29.2,1399.0,830.4,100.5,477.6,Danger
2026-09-19 15:14:54.490358,31.5,1843.0,902.0,92.8,422.8,Danger
2026-09-19 15:14:57.490358,28.6,1252.0,844.9,92.2,429.0,Danger
2026-09-19 15:15:00.490358,25.8,1511.0,797.4,95.0,442.2,Danger
2026-09-19 15:15:03.490358,25.9,1520.0,771.7,104.7,473.4,Danger
2026-09-19 15:15:06.490358,35.2,1560.0,913.2,94.3,459.0,Danger
2026-09-19 15:15:09.490358,21.9,1411.0,700.2,100.6,486.9,Danger
2026-09-19 15:15:12.490358,22.3,1548.0,803.8,73.9,391.2,Danger
2026-09-19 15:15:15.490358,25.6,1107.0,760.7,61.0,303.6,Danger
2026-09-19 15:15:18.490358,25.0,1499.0,849.7,48.3,258.1,Warning
2026-09-19 15:15:21.490358,24.5,1038.0,802.3,42.2,192.0,Warning
2026-09-19 15:15:24.490358,20.9,1177.0,792.8,57.7,254.0,Danger
2026-09-19 15:15:27.490358,11.1,1323.0,692.4,34.4,142.1,Warning
2026-09-19 15:15:30.490358,24.2,1318.0,723.6,18.2,94.4,Safe
2026-09-19 15:15:33.490358,9.5,862.0,641.7,29.2,105.4,Warning
2026-09-19 15:15:36.490358,16.0,1170.0,754.9,14.6,63.7,Safe
2026-09-19 15:15:39.490358,10.0,1360.0,686.5,20.1,76.9,Warning
2026-09-19 15:15:42.490358,12.7,843.0,748.9,17.9,49.5,Safe
2026-09-19 15:15:45.490358,14.0,992.0,728.0,13.4,47.4,Safe
2026-09-19 15:15:48.490358,13.3,1357.0,667.7,16.4,56.9,Safe
2026-09-19 15:15:51.490358,13.2,1408.0,673.5,34.5,160.0,Warning
2026-09-19 15:15:54.490358,18.5,1247.0,752.3,31.0,148.6,Warning
2026-09-19 15:15:57.490358,12.1,918.0,604.6,51.1,244.9,Danger
2026-09-19 15:16:00.490358,8.1,1317.0,731.8,48.9,226.8,Warning
2026-09-19 15:16:03.490358,13.6,1380.0,726.8,61.5,270.1,Danger
2026-09-19 15:16:06.490358,14.3,1259.0,763.3,72.1,418.7,Danger
2026-09-19 15:16:09.490358,1.7,722.0,550.7,61.5,338.5,Danger
2026-09-19 15:16:12.490358,10.4,1054.0,733.3,83.2,437.5,Danger
2026-09-19 15:16:15.490358,10.6,1040.0,773.9,76.7,394.2,Danger
2026-09-19 15:16:18.490358,5.2,980.0,589.0,73.2,409.3,Danger
2026-09-19 15:16:21.490358,13.3,1349.0,737.0,72.0,392.4,Danger
2026-09-19 15:16:24.490358,5.3,1066.0,642.8,87.5,416.5,Danger
2026-09-19 15:16:27.490358,6.5,800.0,590.0,64.4,365.9,Danger
2026-09-19 15:16:30.490358,4.8,1125.0,657.8,65.6,412.7,Danger
2026-09-19 15:16:33.490358,5.5,985.0,677.4,77.1,409.3,Danger
2026-09-19 15:16:36.490358,0.0,903.0,576.0,75.4,410.0,Danger
2026-09-19 15:16:39.490358,0.0,1020.0,646.6,89.7,459.8,Danger
2026-09-19 15:16:42.490358,13.0,959.0,637.7,71.7,351.1,Danger
2026-09-19 15:16:45.490358,0.8,814.0,546.5,90.9,463.0,Danger
2026-09-19 15:16:48.490358,0.0,721.0,605.8,63.5,374.9,Danger
2026-09-19 15:16:51.490358,0.0,700.0,601.0,60.7,354.1,Danger
2026-09-19 15:16:54.490358,1.9,899.0,586.3,55.5,258.7,Danger
2026-09-19 15:16:57.490358,0.0,1177.0,632.4,69.2,334.3,Danger
2026-09-19 15:17:00.490358,13.5,861.0,729.1,62.2,282.0,Danger
2026-09-19 15:17:03.490358,10.5,1057.0,718.2,54.3,265.3,Danger
2026-09-19 15:17:06.490358,2.2,951.0,612.5,36.4,184.4,Warning
2026-09-19 15:17:09.490358,17.1,1246.0,760.9,32.6,173.6,Warning
2026-09-19 15:17:12.490358,11.0,1058.0,670.2,30.3,161.0,Warning
2026-09-19 15:17:15.490358,4.8,724.0,720.3,25.5,118.0,Warning
2026-09-19 15:17:18.490358,0.0,835.0,567.5,34.3,170.6,Warning
2026-09-19 15:17:21.490358,18.5,1150.0,832.4,15.7,76.3,Safe
2026-09-19 15:17:24.490358,0.5,700.0,605.5,34.4,182.1,Warning
2026-09-19 15:17:27.490358,0.0,979.0,545.0,30.9,180.2,Warning
2026-09-19 15:17:30.490358,13.4,1280.0,762.3,49.4,252.1,Warning
2026-09-19 15:17:33.490358,21.0,1333.0,773.1,20.9,108.4,Warning
2026-09-19 15:17:36.490358,16.3,1241.0,764.1,29.1,86.7,Warning
2026-09-19 15:17:39.490358,12.7,1278.0,750.5,20.6,116.0,Warning
2026-09-19 15:17:42.490358,13.4,1169.0,720.9,23.2,98.4,Warning
2026-09-19 15:17:45.490358,15.3,1319.0,698.9,19.3,118.3,Safe
2026-09-19 15:17:48.490358,15.5,1142.0,762.9,15.3,96.0,Safe
2026-09-19 15:17:51.490358,13.8,1341.0,710.0,15.9,111.7,Safe
2026-09-19 15:17:54.490358,13.6,1187.0,735.9,15.7,83.0,Safe
2026-09-19 15:17:57.490358,13.4,1165.0,621.3,11.3,108.1,Safe
2026-09-19 15:18:00.490358,10.7,877.0,703.6,12.1,88.1,Safe
2026-09-19 15:18:03.490358,13.8,1189.0,685.2,18.6,94.4,Safe
2026-09-19 15:18:06.490358,7.6,865.0,726.7,11.6,49.9,Safe
2026-09-19 15:18:09.490358,16.4,1113.0,755.8,18.9,98.7,Safe
2026-09-19 15:18:12.490358,12.7,996.0,711.6,20.4,90.7,Warning
2026-09-19 15:18:15.490358,13.0,966.0,723.7,24.8,116.6,Warning
2026-09-19 15:18:18.490358,20.3,1627.0,722.7,39.7,173.3,Warning
2026-09-19 15:18:21.490358,27.3,1682.0,883.2,27.6,104.1,Warning
2026-09-19 15:18:24.490358,25.8,1734.0,886.4,38.6,175.4,Warning
2026-09-19 15:18:27.490358,14.3,975.0,730.4,28.0,128.5,Warning
2026-09-19 15:18:30.490358,18.2,1265.0,809.1,37.2,202.9,Warning
2026-09-19 15:18:33.490358,28.8,1326.0,807.7,14.2,101.8,Safe
2026-09-19 15:18:36.490358,20.2,1200.0,729.6,25.2,112.7,Warning
2026-09-19 15:18:39.490358,25.0,1287.0,801.5,30.9,142.9,Warning
2026-09-19 15:18:42.490358,29.9,1733.0,856.3,19.6,75.7,Safe
2026-09-19 15:18:45.490358,23.3,1323.0,770.7,12.1,67.3,Safe
2026-09-19 15:18:48.490358,29.7,1703.0,859.2,20.2,86.2,Warning
2026-09-19 15:18:51.490358,23.6,1480.0,800.8,18.6,82.4,Safe
2026-09-19 15:18:54.490358,28.3,1853.0,786.4,40.1,172.9,Warning
2026-09-19 15:18:57.490358,34.0,1427.0,892.5,19.6,104.8,Safe
2026-09-19 15:19:00.490358,25.5,1626.0,838.4,19.6,118.6,Safe
2026-09-19 15:19:03.490358,36.7,1890.0,900.7,37.9,166.7,Warning
2026-09-19 15:19:06.490358,35.5,1542.0,930.2,24.2,73.7,Warning
2026-09-19 15:19:09.490358,39.5,1938.0,867.1,26.1,115.8,Warning
2026-09-19 15:19:12.490358,38.9,1823.0,930.1,31.0,140.5,Warning
2026-09-19 15:19:15.490358,45.7,1909.0,919.0,22.7,127.5,Warning
2026-09-19 15:19:18.490358,40.6,1692.0,880.4,29.4,129.9,Warning
2026-09-19 15:19:21.490358,39.0,1666.0,886.4,25.1,110.7,Warning
2026-09-19 15:19:24.490358,42.8,2178.0,904.8,34.9,164.4,Warning
2026-09-19 15:19:27.490358,46.0,1950.0,946.2,22.8,112.3,Warning
2026-09-19 15:19:30.490358,44.6,2033.0,948.5,25.8,117.8,Warning
2026-09-19 15:19:33.490358,45.7,1823.0,998.9,14.9,94.9,Safe
2026-09-19 15:19:36.490358,43.0,1759.0,931.5,27.3,91.9,Warning
2026-09-19 15:19:39.490358,44.3,2070.0,891.1,18.5,112.8,Safe
2026-09-19 15:19:42.490358,41.7,1640.0,979.1,37.5,182.4,Warning
2026-09-19 15:19:45.490358,58.5,2201.0,1034.6,26.8,137.4,Warning
2026-09-19 15:19:48.490358,44.6,1920.0,954.4,42.1,197.3,Warning
2026-09-19 15:19:51.490358,48.4,2026.0,1005.0,45.4,210.2,Warning
2026-09-19 15:19:54.490358,49.3,2005.0,1002.3,54.0,279.3,Danger
2026-09-19 15:19:57.490358,58.4,2319.0,1110.8,58.7,288.0,Danger
2026-09-19 15:20:00.490358,53.4,2240.0,1046.6,62.0,307.1,Danger
2026-09-19 15:20:03.490358,62.1,2463.0,1062.6,68.0,325.4,Danger
2026-09-19 15:20:06.490358,53.5,1989.0,1115.1,74.4,369.6,Danger
2026-09-19 15:20:09.490358,59.2,2238.0,1081.5,81.2,402.6,Danger
2026-09-19 15:20:12.490358,54.6,2344.0,1030.7,102.3,514.8,Danger
2026-09-19 15:20:15.490358,70.4,2694.0,1201.7,88.5,471.0,Danger
2026-09-19 15:20:18.490358,54.6,1960.0,1047.1,96.0,456.2,Danger
2026-09-19 15:20:21.490358,63.0,2428.0,1120.0,106.9,514.7,Danger
2026-09-19 15:20:24.490358,65.5,2140.0,1223.5,87.1,415.8,Danger
2026-09-19 15:20:27.490358,65.2,2437.0,1110.7,89.0,458.6,Danger
2026-09-19 15:20:30.490358,63.0,2660.0,1091.6,93.2,435.2,Danger
2026-09-19 15:20:33.490358,64.1,2260.0,1117.5,90.4,443.7,Danger
2026-09-19 15:20:36.490358,65.7,2318.0,1168.7,91.6,435.0,Danger
2026-09-19 15:20:39.490358,65.5,2553.0,1063.9,95.2,488.9,Danger
2026-09-19 15:20:42.490358,71.8,2363.0,1095.7,101.8,522.3,Danger
2026-09-19 15:20:45.490358,78.7,2673.0,1206.2,97.6,482.1,Danger
2026-09-19 15:20:48.490358,65.5,2528.0,1058.9,104.2,549.2,Danger
2026-09-19 15:20:51.490358,62.1,2257.0,1079.8,77.5,388.1,Danger
2026-09-19 15:20:54.490358,69.1,2492.0,1173.0,96.7,479.7,Danger
2026-09-19 15:20:57.490358,83.0,2987.0,1228.6,70.0,330.4,Danger
2026-09-19 15:21:00.490358,66.7,2530.0,1076.1,58.0,314.2,Danger
2026-09-19 15:21:03.490358,79.4,2825.0,1237.8,69.3,335.7,Danger
2026-09-19 15:21:06.490358,80.1,2751.0,1275.0,56.6,265.4,Danger
2026-09-19 15:21:09.490358,69.4,2589.0,1087.0,40.4,183.6,Warning
2026-09-19 15:21:12.490358,75.4,2666.0,1235.9,43.8,206.3,Warning
2026-09-19 15:21:15.490358,81.1,2895.0,1281.3,35.7,156.9,Warning
2026-09-19 15:21:18.490358,71.4,2510.0,1209.3,35.4,164.8,Warning
2026-09-19 15:21:21.490358,72.6,2587.0,1229.5,30.5,109.6,Warning
2026-09-19 15:21:24.490358,71.0,2426.0,1256.0,29.0,130.9,Warning
2026-09-19 15:21:27.490358,69.1,2522.0,1138.4,21.5,130.8,Warning
2026-09-19 15:21:30.490358,71.1,2457.0,1173.5,26.2,117.3,Warning
2026-09-19 15:21:33.490358,68.4,2344.0,1130.9,26.8,138.9,Warning
2026-09-19 15:21:36.490358,74.9,2711.0,1199.2,32.5,166.6,Warning
2026-09-19 15:21:39.490358,71.0,2607.0,1229.3,34.3,152.7,Warning
2026-09-19 15:21:42.490358,76.1,2820.0,1155.0,30.9,157.0,Warning
2026-09-19 15:21:45.490358,67.2,2415.0,1103.2,32.6,151.0,Warning
2026-09-19 15:21:48.490358,76.7,2778.0,1268.3,52.7,287.2,Danger
2026-09-19 15:21:51.490358,79.2,2861.0,1274.0,66.0,351.7,Danger
2026-09-19 15:21:54.490358,65.0,2491.0,1105.2,51.6,293.7,Danger
2026-09-19 15:21:57.490358,76.7,2594.0,1247.9,79.8,435.8,Danger
2026-09-19 15:22:00.490358,80.9,2844.0,1260.5,75.2,421.3,Danger
2026-09-19 15:22:03.490358,68.5,2568.0,1208.2,75.4,403.3,Danger
2026-09-19 15:22:06.490358,82.7,2870.0,1264.9,93.8,515.3,Danger
2026-09-19 15:22:09.490358,76.3,2393.0,1251.0,100.4,546.2,Danger
2026-09-19 15:22:12.490358,70.4,2583.0,1268.7,85.1,517.6,Danger
2026-09-19 15:22:15.490358,73.3,2965.0,1210.6,99.7,530.9,Danger
2026-09-19 15:22:18.490358,76.1,2648.0,1210.6,81.6,481.3,Danger
2026-09-19 15:22:21.490358,73.3,2524.0,1215.4,77.6,464.7,Danger
2026-09-19 15:22:24.490358,75.2,2737.0,1187.3,94.6,530.2,Danger
2026-09-19 15:22:27.490358,67.5,2535.0,1235.7,83.7,494.3,Danger
2026-09-19 15:22:30.490358,72.5,2792.0,1187.3,93.1,513.9,Danger
2026-09-19 15:22:33.490358,64.1,2214.0,1102.0,82.9,506.1,Danger
2026-09-19 15:22:36.490358,70.1,2663.0,1127.5,88.0,497.8,Danger
2026-09-19 15:22:39.490358,65.6,2529.0,1168.7,93.5,498.5,Danger
2026-09-19 15:22:42.490358,65.9,2426.0,1161.7,92.7,535.2,Danger
2026-09-19 15:22:45.490358,75.1,2729.0,1181.1,88.3,515.1,Danger
2026-09-19 15:22:48.490358,73.8,2799.0,1213.2,78.7,462.7,Danger
2026-09-19 15:22:51.490358,70.7,2698.0,1105.3,88.1,462.5,Danger
2026-09-19 15:22:54.490358,61.5,2166.0,1099.5,61.4,360.8,Danger
2026-09-19 15:22:57.490358,64.7,2540.0,1135.5,64.3,365.2,Danger
2026-09-19 15:23:00.490358,71.6,2580.0,1240.9,47.5,269.5,Warning
2026-09-19 15:23:03.490358,65.5,2447.0,1092.8,41.6,197.9,Warning
2026-09-19 15:23:06.490358,75.6,2700.0,1153.3,34.0,180.3,Warning
2026-09-19 15:23:09.490358,65.1,2405.0,1085.1,38.0,223.1,Warning
2026-09-19 15:23:12.490358,63.3,2561.0,1052.7,39.9,141.4,Warning
2026-09-19 15:23:15.490358,59.9,2285.0,1132.7,22.3,113.3,Warning
2026-09-19 15:23:18.490358,61.2,2163.0,1151.9,22.8,101.2,Warning
2026-09-19 15:23:21.490358,58.9,2214.0,1084.1,24.2,105.5,Warning
2026-09-19 15:23:24.490358,62.3,2384.0,1147.2,35.3,135.8,Warning
2026-09-19 15:23:27.490358,62.6,2549.0,1106.2,35.5,195.8,Warning
2026-09-19 15:23:30.490358,52.9,2214.0,1019.6,48.7,221.8,Warning
2026-09-19 15:23:33.490358,49.2,1903.0,980.5,33.3,166.4,Warning
2026-09-19 15:23:36.490358,45.7,2316.0,953.4,35.6,154.1,Warning
2026-09-19 15:23:39.490358,56.4,2251.0,989.6,22.5,109.7,Warning
2026-09-19 15:23:42.490358,47.4,2175.0,989.5,47.1,241.9,Warning
2026-09-19 15:23:45.490358,41.1,1805.0,927.1,25.4,142.3,Warning
2026-09-19 15:23:48.490358,52.8,2199.0,1051.9,58.1,267.7,Danger
2026-09-19 15:23:51.490358,62.2,2482.0,1101.6,28.1,157.0,Warning
2026-09-19 15:23:54.490358,48.7,2200.0,982.9,37.9,185.6,Warning
2026-09-19 15:23:57.490358,51.8,2254.0,979.8,23.9,130.8,Warning
2026-09-19 15:24:00.490358,47.0,2105.0,978.6,29.1,150.5,Warning
2026-09-19 15:24:03.490358,45.0,1877.0,989.4,25.3,114.2,Warning
2026-09-19 15:24:06.490358,49.0,1939.0,946.1,26.8,98.4,Warning
2026-09-19 15:24:09.490358,41.8,1896.0,938.2,32.0,126.4,Warning
2026-09-19 15:24:12.490358,43.5,2028.0,957.6,17.2,97.5,Safe
2026-09-19 15:24:15.490358,42.7,1834.0,912.9,33.2,139.3,Warning
2026-09-19 15:24:18.490358,36.7,1876.0,869.8,29.3,89.8,Warning
2026-09-19 15:24:21.490358,43.9,2114.0,960.1,21.0,98.6,Warning
2026-09-19 15:24:24.490358,36.9,1586.0,850.1,39.8,142.7,Warning
2026-09-19 15:24:27.490358,32.9,1498.0,877.4,18.2,98.4,Safe
2026-09-19 15:24:30.490358,38.3,1736.0,870.6,19.1,109.9,Safe
2026-09-19 15:24:33.490358,30.0,1597.0,882.8,23.9,93.6,Warning
2026-09-19 15:24:36.490358,33.6,1561.0,962.2,24.1,87.1,Warning
2026-09-19 15:24:39.490358,32.3,1811.0,824.1,21.7,121.1,Warning
2026-09-19 15:24:42.490358,36.7,1782.0,915.2,17.9,85.3,Safe
2026-09-19 15:24:45.490358,32.6,1621.0,831.8,31.2,131.9,Warning
2026-09-19 15:24:48.490358,29.1,1311.0,874.1,16.1,74.1,Safe
2026-09-19 15:24:51.490358,32.2,1408.0,807.3,25.5,119.0,Warning
2026-09-19 15:24:54.490358,34.1,1694.0,891.8,24.3,91.3,Warning
2026-09-19 15:24:57.490358,28.9,1202.0,796.2,29.4,143.2,Warning
2026-09-19 15:25:00.490358,25.1,1581.0,792.9,33.4,156.3,Warning
2026-09-19 15:25:03.490358,17.6,1215.0,699.2,26.4,123.4,Warning
2026-09-19 15:25:06.490358,17.8,1732.0,775.4,20.7,112.0,Warning
2026-09-19 15:25:09.490358,20.7,1663.0,731.8,22.7,81.5,Warning
2026-09-19 15:25:12.490358,18.2,1228.0,767.7,14.8,63.2,Safe
2026-09-19 15:25:15.490358,19.4,1269.0,741.4,20.8,77.8,Warning
2026-09-19 15:25:18.490358,19.7,1442.0,753.1,18.5,115.6,Safe
2026-09-19 15:25:21.490358,21.2,1585.0,775.5,21.8,80.8,Warning
2026-09-19 15:25:24.490358,17.3,988.0,708.2,14.3,99.2,Safe
2026-09-19 15:25:27.490358,19.3,1014.0,762.7,11.5,64.0,Safe
2026-09-19 15:25:30.490358,16.4,1116.0,792.1,29.6,169.5,Warning
2026-09-19 15:25:33.490358,5.4,1022.0,611.9,19.9,93.9,Safe
2026-09-19 15:25:36.490358,9.8,1119.0,725.2,24.5,110.6,Warning
2026-09-19 15:25:39.490358,13.0,1286.0,764.1,20.1,84.9,Warning
2026-09-19 15:25:42.490358,7.0,795.0,623.2,28.3,100.8,Warning
2026-09-19 15:25:45.490358,15.3,836.0,664.6,49.8,237.7,Warning
2026-09-19 15:25:48.490358,19.3,1412.0,766.8,47.7,226.0,Warning
2026-09-19 15:25:51.490358,17.1,1104.0,715.3,66.2,356.0,Danger
2026-09-19 15:25:54.490358,9.4,732.0,749.8,64.7,269.9,Danger
2026-09-19 15:25:57.490358,17.3,1255.0,740.0,82.8,361.0,Danger
2026-09-19 15:26:00.490358,10.1,1171.0,648.5,106.5,478.5,Danger
2026-09-19 15:26:03.490358,7.1,960.0,611.1,105.5,457.2,Danger
2026-09-19 15:26:06.490358,5.3,863.0,685.7,98.4,449.4,Danger
2026-09-19 15:26:09.490358,6.4,935.0,628.1,101.4,432.2,Danger
2026-09-19 15:26:12.490358,5.5,882.0,645.9,98.9,408.4,Danger
2026-09-19 15:26:15.490358,7.9,796.0,701.6,99.8,455.6,Danger
2026-09-19 15:26:18.490358,7.5,881.0,640.8,96.8,428.7,Danger
2026-09-19 15:26:21.490358,6.4,1038.0,649.4,93.9,430.4,Danger
2026-09-19 15:26:24.490358,8.3,1055.0,665.6,103.0,491.8,Danger
2026-09-19 15:26:27.490358,11.8,1120.0,721.7,100.5,454.1,Danger
2026-09-19 15:26:30.490358,10.4,910.0,706.6,113.6,537.5,Danger
2026-09-19 15:26:33.490358,0.0,773.0,591.2,116.0,525.7,Danger
2026-09-19 15:26:36.490358,0.0,700.0,602.5,109.1,490.9,Danger
2026-09-19 15:26:39.490358,9.8,1072.0,663.7,100.6,453.6,Danger
2026-09-19 15:26:42.490358,0.0,1014.0,540.9,93.8,425.2,Danger
2026-09-19 15:26:45.490358,3.9,700.0,641.5,72.3,365.6,Danger
2026-09-19 15:26:48.490358,0.0,712.0,675.7,64.7,304.1,Danger
2026-09-19 15:26:51.490358,0.0,849.0,564.7,63.0,317.1,Danger
2026-09-19 15:26:54.490358,7.8,1182.0,631.3,60.8,289.1,Danger
2026-09-19 15:26:57.490358,9.0,957.0,636.8,41.6,198.1,Warning
2026-09-19 15:27:00.490358,2.4,756.0,648.1,37.7,154.7,Warning
2026-09-19 15:27:03.490358,0.0,700.0,617.9,11.9,49.4,Safe
2026-09-19 15:27:06.490358,2.9,888.0,616.8,22.7,81.7,Warning
2026-09-19 15:27:09.490358,7.8,1301.0,625.7,26.2,97.1,Warning
2026-09-19 15:27:12.490358,0.0,842.0,603.7,12.2,62.6,Safe
2026-09-19 15:27:15.490358,7.3,979.0,595.9,26.3,110.9,Warning
2026-09-19 15:27:18.490358,6.6,1014.0,658.8,15.9,35.9,Safe
2026-09-19 15:27:21.490358,10.0,1047.0,714.6,17.6,53.6,Safe
2026-09-19 15:27:24.490358,8.1,879.0,614.4,25.2,96.1,Warning
2026-09-19 15:27:27.490358,3.0,999.0,562.8,23.0,111.3,Warning
2026-09-19 15:27:30.490358,14.3,1192.0,777.7,15.0,109.6,Safe
2026-09-19 15:27:33.490358,8.0,1003.0,639.7,20.8,96.0,Warning
2026-09-19 15:27:36.490358,9.2,884.0,719.0,20.0,86.0,Safe
2026-09-19 15:27:39.490358,5.2,1126.0,635.5,17.0,56.8,Safe
2026-09-19 15:27:42.490358,8.2,1106.0,659.4,17.3,84.0,Safe
2026-09-19 15:27:45.490358,6.6,883.0,670.6,10.8,81.8,Safe
2026-09-19 15:27:48.490358,10.8,1221.0,651.2,34.0,181.6,Warning
2026-09-19 15:27:51.490358,20.9,1248.0,772.5,23.2,102.0,Warning
2026-09-19 15:27:54.490358,6.2,837.0,634.1,35.8,195.1,Warning
2026-09-19 15:27:57.490358,5.7,828.0,592.6,38.8,178.0,Warning
2026-09-19 15:28:00.490358,21.8,1080.0,788.2,26.0,112.6,Warning
2026-09-19 15:28:03.490358,14.2,1226.0,703.1,29.7,141.4,Warning
2026-09-19 15:28:06.490358,12.7,843.0,695.3,23.6,123.9,Warning
2026-09-19 15:28:09.490358,22.1,1167.0,728.0,14.3,72.6,Safe
2026-09-19 15:28:12.490358,14.7,855.0,781.0,13.5,112.7,Safe
2026-09-19 15:28:15.490358,27.7,1479.0,856.5,30.4,146.1,Warning
2026-09-19 15:28:18.490358,22.8,1348.0,821.1,31.0,112.2,Warning
2026-09-19 15:28:21.490358,17.9,1198.0,730.9,26.6,141.5,Warning
2026-09-19 15:28:24.490358,32.0,1444.0,787.1,13.6,81.2,Safe
2026-09-19 15:28:27.490358,19.2,1103.0,831.4,23.5,111.1,Warning
2026-09-19 15:28:30.490358,26.8,1541.0,812.3,26.2,144.2,Warning
2026-09-19 15:28:33.490358,25.6,1358.0,774.9,24.7,112.9,Warning
2026-09-19 15:28:36.490358,31.6,1638.0,869.5,36.1,172.7,Warning
2026-09-19 15:28:39.490358,33.9,1515.0,917.9,17.2,110.4,Safe
2026-09-19 15:28:42.490358,27.3,1509.0,817.3,29.3,161.2,Warning
2026-09-19 15:28:45.490358,24.4,1605.0,846.2,23.5,127.8,Warning
2026-09-19 15:28:48.490358,31.5,1675.0,895.2,26.5,104.1,Warning
2026-09-19 15:28:51.490358,26.8,1409.0,771.7,26.2,162.1,Warning
2026-09-19 15:28:54.490358,41.4,1873.0,904.0,35.1,132.5,Warning
2026-09-19 15:28:57.490358,33.0,1590.0,902.7,32.7,150.4,Warning
2026-09-19 15:29:00.490358,31.6,1592.0,744.4,21.0,82.0,Warning
2026-09-19 15:29:03.490358,35.4,1637.0,877.6,21.6,109.6,Warning
2026-09-19 15:29:06.490358,28.9,1497.0,773.8,21.1,111.8,Warning
2026-09-19 15:29:09.490358,31.8,1628.0,835.7,43.6,214.8,Warning
2026-09-19 15:29:12.490358,43.8,1746.0,938.5,21.4,130.0,Warning
2026-09-19 15:29:15.490358,35.6,1538.0,870.6,31.9,145.0,Warning
2026-09-19 15:29:18.490358,34.8,1461.0,856.0,27.8,122.0,Warning
2026-09-19 15:29:21.490358,43.8,1655.0,906.4,36.0,192.9,Warning
2026-09-19 15:29:24.490358,48.1,1821.0,1076.7,32.0,132.8,Warning
2026-09-19 15:29:27.490358,46.9,1996.0,1049.8,24.1,120.5,Warning
2026-09-19 15:29:30.490358,49.4,1900.0,948.5,29.8,151.3,Warning
2026-09-19 15:29:33.490358,41.7,1919.0,996.8,38.6,168.0,Warning
2026-09-19 15:29:36.490358,39.4,1791.0,899.6,35.2,185.5,Warning
2026-09-19 15:29:39.490358,55.1,1883.0,1046.3,36.8,141.6,Warning
2026-09-19 15:29:42.490358,47.1,2076.0,974.2,24.0,151.9,Warning
2026-09-19 15:29:45.490358,48.5,2134.0,961.7,35.3,181.9,Warning
2026-09-19 15:29:48.490358,57.5,2087.0,1099.0,29.5,152.5,Warning
2026-09-19 15:29:51.490358,54.6,2229.0,1042.1,28.0,124.4,Warning
2026-09-19 15:29:54.490358,55.2,2051.0,1022.2,37.2,175.7,Warning
2026-09-19 15:29:57.490358,64.7,2433.0,1065.6,29.2,131.8,Warning
2026-09-19 15:30:00.490358,51.7,1902.0,977.7,26.5,141.7,Warning
2026-09-19 15:30:03.490358,60.5,2044.0,1018.6,26.6,143.9,Warning
2026-09-19 15:30:06.490358,57.1,2171.0,1057.7,19.9,114.5,Safe
2026-09-19 15:30:09.490358,59.2,2260.0,1025.4,39.1,168.6,Warning
2026-09-19 15:30:12.490358,66.4,2400.0,1120.5,30.9,118.9,Warning
2026-09-19 15:30:15.490358,62.2,2178.0,1152.5,31.9,150.2,Warning
2026-09-19 15:30:18.490358,63.3,2322.0,1154.1,28.1,155.7,Warning
2026-09-19 15:30:21.490358,66.8,2511.0,1133.2,31.3,116.9,Warning
2026-09-19 15:30:24.490358,60.5,2305.0,1080.4,34.4,182.6,Warning
2026-09-19 15:30:27.490358,58.9,2301.0,1146.8,29.6,139.0,Warning
2026-09-19 15:30:30.490358,58.7,2168.0,1090.7,31.5,138.8,Warning
2026-09-19 15:30:33.490358,54.9,2349.0,1026.2,50.0,265.9,Danger
2026-09-19 15:30:36.490358,75.8,2518.0,1149.3,32.9,167.6,Warning
2026-09-19 15:30:39.490358,60.7,2392.0,1101.7,41.9,168.9,Warning
2026-09-19 15:30:42.490358,65.9,2624.0,1160.1,36.2,171.9,Warning
2026-09-19 15:30:45.490358,66.3,2529.0,1104.9,29.2,154.8,Warning
2026-09-19 15:30:48.490358,69.9,2516.0,1170.5,31.3,162.3,Warning
2026-09-19 15:30:51.490358,73.0,2546.0,1169.7,30.5,160.5,Warning
2026-09-19 15:30:54.490358,73.9,2802.0,1183.5,40.7,150.7,Warning
2026-09-19 15:30:57.490358,67.2,2267.0,1038.2,32.6,155.7,Warning
2026-09-19 15:31:00.490358,69.8,2400.0,1149.8,28.9,143.2,Warning
2026-09-19 15:31:03.490358,72.6,2555.0,1219.6,22.8,111.9,Warning
2026-09-19 15:31:06.490358,70.4,2746.0,1138.1,42.1,184.8,Warning
2026-09-19 15:31:09.490358,80.2,2861.0,1243.4,31.3,175.2,Warning
2026-09-19 15:31:12.490358,75.0,2530.0,1169.7,32.1,150.3,Warning
2026-09-19 15:31:15.490358,76.6,2669.0,1227.3,26.9,127.6,Warning
2026-09-19 15:31:18.490358,76.6,2623.0,1204.2,35.1,138.9,Warning
2026-09-19 15:31:21.490358,79.5,2680.0,1198.3,26.8,123.7,Warning
2026-09-19 15:31:24.490358,74.8,2817.0,1251.7,48.7,217.8,Warning
2026-09-19 15:31:27.490358,67.7,2286.0,1178.5,26.2,139.4,Warning
2026-09-19 15:31:30.490358,76.4,2951.0,1186.8,34.8,165.3,Warning
2026-09-19 15:31:33.490358,71.3,2707.0,1190.4,27.2,173.4,Warning
2026-09-19 15:31:36.490358,72.1,2766.0,1198.1,30.2,200.9,Warning
2026-09-19 15:31:39.490358,77.8,2675.0,1247.9,39.3,186.0,Warning
2026-09-19 15:31:42.490358,81.1,2806.0,1181.2,32.2,149.6,Warning
2026-09-19 15:31:45.490358,75.1,2462.0,1241.0,28.2,185.4,Warning
2026-09-19 15:31:48.490358,76.5,2635.0,1189.6,35.4,210.1,Warning
2026-09-19 15:31:51.490358,83.5,2961.0,1253.6,31.0,116.4,Warning
2026-09-19 15:31:54.490358,76.1,2898.0,1314.6,36.4,174.4,Warning
2026-09-19 15:31:57.490358,87.9,2830.0,1314.9,29.4,143.8,Warning
2026-09-19 15:32:00.490358,77.6,2684.0,1205.0,61.9,305.4,Danger
2026-09-19 15:32:03.490358,65.8,2421.0,1037.9,21.7,110.1,Warning
2026-09-19 15:32:06.490358,78.1,2544.0,1280.8,39.7,186.4,Warning
2026-09-19 15:32:09.490358,76.1,2790.0,1154.7,35.6,138.0,Warning
2026-09-19 15:32:12.490358,80.3,2700.0,1202.7,28.2,126.3,Warning
2026-09-19 15:32:15.490358,77.0,2695.0,1202.6,38.6,198.2,Warning
2026-09-19 15:32:18.490358,72.6,2547.0,1237.4,47.5,180.4,Warning
2026-09-19 15:32:21.490358,66.8,2352.0,1165.4,21.3,113.0,Warning
2026-09-19 15:32:24.490358,71.5,2586.0,1165.7,29.7,104.6,Warning
2026-09-19 15:32:27.490358,67.9,2464.0,1155.3,33.8,154.2,Warning
2026-09-19 15:32:30.490358,68.8,2463.0,1126.1,33.1,184.5,Warning
2026-09-19 15:32:33.490358,74.1,2544.0,1198.6,43.3,193.8,Warning
2026-09-19 15:32:36.490358,79.0,2823.0,1235.1,27.7,143.7,Warning
2026-09-19 15:32:39.490358,72.1,2851.0,1215.5,48.9,256.7,Warning
2026-09-19 15:32:42.490358,63.6,2410.0,1147.3,26.8,145.5,Warning
2026-09-19 15:32:45.490358,71.2,2729.0,1189.1,45.3,215.7,Warning
2026-09-19 15:32:48.490358,74.3,2449.0,1179.9,37.8,156.7,Warning
2026-09-19 15:32:51.490358,64.6,2439.0,1146.5,41.2,153.3,Warning
2026-09-19 15:32:54.490358,66.3,2293.0,1126.7,25.7,107.9,Warning
2026-09-19 15:32:57.490358,66.3,2237.0,1087.3,33.5,145.9,Warning
2026-09-19 15:33:00.490358,61.6,2229.0,1076.6,24.3,111.8,Warning
2026-09-19 15:33:03.490358,68.0,2679.0,1147.3,31.8,143.3,Warning
2026-09-19 15:33:06.490358,63.4,2526.0,1143.2,30.0,133.4,Warning
2026-09-19 15:33:09.490358,65.2,2468.0,1114.6,34.3,143.9,Warning
2026-09-19 15:33:12.490358,57.9,2017.0,1014.6,31.4,127.9,Warning
2026-09-19 15:33:15.490358,59.3,2252.0,1076.4,27.7,180.9,Warning
2026-09-19 15:33:18.490358,64.2,2450.0,1118.0,23.4,142.2,Warning
2026-09-19 15:33:21.490358,57.8,2272.0,1069.9,28.3,160.9,Warning
2026-09-19 15:33:24.490358,67.4,2208.0,1175.9,20.6,131.4,Warning
2026-09-19 15:33:27.490358,55.8,2062.0,1087.3,38.1,166.6,Warning
2026-09-19 15:33:30.490358,58.0,2240.0,1040.1,32.6,165.0,Warning
2026-09-19 15:33:33.490358,60.6,2394.0,1059.8,40.4,191.6,Warning
2026-09-19 15:33:36.490358,47.8,1666.0,940.9,38.1,205.9,Warning
2026-09-19 15:33:39.490358,45.1,1903.0,988.7,28.2,114.6,Warning
2026-09-19 15:33:42.490358,45.3,1953.0,1020.0,46.3,152.0,Warning
2026-09-19 15:33:45.490358,58.2,2382.0,1052.7,28.7,160.3,Warning
2026-09-19 15:33:48.490358,48.1,2105.0,974.8,30.0,144.5,Warning
2026-09-19 15:33:51.490358,62.6,2451.0,1159.1,28.5,139.3,Warning
2026-09-19 15:33:54.490358,45.9,1827.0,987.3,42.2,197.1,Warning
2026-09-19 15:33:57.490358,48.6,1728.0,1005.9,31.0,154.5,Warning
2026-09-19 15:34:00.490358,54.3,2098.0,986.5,32.1,147.1,Warning
2026-09-19 15:34:03.490358,55.5,2338.0,1071.2,27.1,126.0,Warning
2026-09-19 15:34:06.490358,54.7,2376.0,1000.4,40.3,141.7,Warning
2026-09-19 15:34:09.490358,49.3,2140.0,949.3,29.0,163.7,Warning
2026-09-19 15:34:12.490358,47.3,2047.0,964.7,29.0,149.9,Warning
2026-09-19 15:34:15.490358,44.1,1958.0,929.1,22.3,121.1,Warning
2026-09-19 15:34:18.490358,43.9,1814.0,942.3,36.2,157.5,Warning
2026-09-19 15:34:21.490358,36.1,1684.0,831.5,32.0,148.8,Warning
2026-09-19 15:34:24.490358,33.7,1893.0,908.0,16.6,85.3,Safe
2026-09-19 15:34:27.490358,36.7,1576.0,938.6,21.1,94.5,Warning
2026-09-19 15:34:30.490358,34.8,1911.0,800.2,32.2,139.9,Warning
2026-09-19 15:34:33.490358,32.3,1558.0,897.2,22.7,70.4,Warning
2026-09-19 15:34:36.490358,36.9,1922.0,863.0,28.3,141.3,Warning
2026-09-19 15:34:39.490358,37.1,1518.0,931.4,26.1,111.4,Warning
2026-09-19 15:34:42.490358,31.7,1681.0,851.2,23.4,88.0,Warning
2026-09-19 15:34:45.490358,37.6,1630.0,902.1,27.8,127.1,Warning
2026-09-19 15:34:48.490358,23.5,1175.0,780.4,29.7,132.6,Warning
2026-09-19 15:34:51.490358,27.2,1512.0,865.9,15.8,95.4,Safe
2026-09-19 15:34:54.490358,23.5,1540.0,738.7,29.4,160.1,Warning
2026-09-19 15:34:57.490358,16.8,1092.0,758.5,14.5,66.6,Safe
2026-09-19 15:35:00.490358,24.7,1192.0,841.5,28.0,116.5,Warning
2026-09-19 15:35:03.490358,23.5,1374.0,816.7,26.7,127.5,Warning
2026-09-19 15:35:06.490358,30.7,1555.0,938.6,22.1,102.6,Warning
2026-09-19 15:35:09.490358,25.3,1516.0,781.5,39.4,188.9,Warning
2026-09-19 15:35:12.490358,16.1,1346.0,767.3,23.7,122.2,Warning
2026-09-19 15:35:15.490358,29.6,1531.0,832.5,29.0,166.4,Warning
2026-09-19 15:35:18.490358,25.5,1717.0,853.6,30.0,155.9,Warning
2026-09-19 15:35:21.490358,21.5,1370.0,771.4,30.0,142.9,Warning
2026-09-19 15:35:24.490358,16.6,1162.0,716.9,29.2,146.9,Warning
2026-09-19 15:35:27.490358,12.1,860.0,748.7,16.4,76.9,Safe
2026-09-19 15:35:30.490358,14.2,1115.0,693.8,26.5,145.3,Warning
2026-09-19 15:35:33.490358,20.7,1267.0,709.1,28.6,157.1,Warning
2026-09-19 15:35:36.490358,23.9,1542.0,770.6,28.0,72.2,Warning
2026-09-19 15:35:39.490358,21.5,1406.0,796.5,38.9,159.9,Warning
2026-09-19 15:35:42.490358,10.6,888.0,740.4,35.4,155.4,Warning
2026-09-19 15:35:45.490358,6.7,995.0,658.4,15.0,87.9,Safe
2026-09-19 15:35:48.490358,12.4,1210.0,751.8,20.1,78.8,Warning
2026-09-19 15:35:51.490358,2.2,1084.0,563.4,13.8,71.7,Safe
2026-09-19 15:35:54.490358,12.1,1235.0,678.8,26.1,126.8,Warning
2026-09-19 15:35:57.490358,9.1,1143.0,661.5,16.1,121.1,Safe
2026-09-19 15:36:00.490358,7.0,984.0,651.4,20.6,124.3,Warning
2026-09-19 15:36:03.490358,0.8,879.0,610.1,16.0,64.3,Safe
2026-09-19 15:36:06.490358,10.9,1260.0,714.8,22.3,88.8,Warning
2026-09-19 15:36:09.490358,5.2,730.0,623.9,24.1,101.2,Warning
2026-09-19 15:36:12.490358,1.6,788.0,618.4,23.6,82.6,Warning
2026-09-19 15:36:15.490358,0.0,700.0,598.2,13.6,82.5,Safe
2026-09-19 15:36:18.490358,6.6,1021.0,615.6,33.8,157.8,Warning
2026-09-19 15:36:21.490358,15.3,1366.0,717.5,32.2,155.4,Warning
2026-09-19 15:36:24.490358,14.4,1071.0,709.5,31.5,130.6,Warning
2026-09-19 15:36:27.490358,3.6,700.0,621.9,31.0,156.7,Warning
2026-09-19 15:36:30.490358,2.6,803.0,622.1,23.9,101.5,Warning
2026-09-19 15:36:33.490358,7.8,1131.0,665.2,15.5,96.2,Safe
2026-09-19 15:36:36.490358,0.3,888.0,585.0,13.5,53.4,Safe
2026-09-19 15:36:39.490358,6.7,1031.0,704.2,25.4,131.0,Warning
2026-09-19 15:36:42.490358,8.9,980.0,624.4,13.7,73.7,Safe
2026-09-19 15:36:45.490358,11.2,887.0,660.4,17.8,102.1,Safe
2026-09-19 15:36:48.490358,4.5,990.0,747.2,26.3,112.1,Warning
2026-09-19 15:36:51.490358,4.0,775.0,590.5,18.6,73.5,Safe
2026-09-19 15:36:54.490358,0.7,1145.0,551.3,20.5,69.8,Warning
2026-09-19 15:36:57.490358,1.0,911.0,637.5,16.4,45.3,Safe
2026-09-19 15:37:00.490358,4.1,816.0,550.1,18.9,83.9,Safe
2026-09-19 15:37:03.490358,7.3,890.0,648.7,25.0,117.6,Warning
2026-09-19 15:37:06.490358,10.2,1041.0,767.3,20.0,96.4,Safe
2026-09-19 15:37:09.490358,1.8,810.0,552.8,17.4,75.2,Safe
2026-09-19 15:37:12.490358,13.6,1307.0,629.2,20.8,106.2,Warning
2026-09-19 15:37:15.490358,5.0,954.0,580.3,27.5,137.4,Warning
2026-09-19 15:37:18.490358,6.6,855.0,688.8,17.3,86.8,Safe
2026-09-19 15:37:21.490358,3.3,1167.0,671.7,20.4,101.6,Warning
2026-09-19 15:37:24.490358,0.0,807.0,579.5,21.3,90.4,Warning
2026-09-19 15:37:27.490358,12.3,1223.0,725.7,34.5,194.4,Warning
2026-09-19 15:37:30.490358,12.0,1009.0,751.7,20.2,131.1,Warning
2026-09-19 15:37:33.490358,7.4,1040.0,730.8,15.5,82.0,Safe
2026-09-19 15:37:36.490358,9.7,1088.0,667.5,24.3,82.3,Warning
2026-09-19 15:37:39.490358,12.5,828.0,607.6,22.7,120.3,Warning
2026-09-19 15:37:42.490358,2.6,1168.0,588.3,20.6,95.5,Warning
2026-09-19 15:37:45.490358,8.4,1204.0,650.2,36.5,164.1,Warning
2026-09-19 15:37:48.490358,15.7,1132.0,714.9,16.4,96.2,Safe
2026-09-19 15:37:51.490358,6.1,786.0,641.1,17.7,65.1,Safe
2026-09-19 15:37:54.490358,14.5,1215.0,760.8,13.7,57.5,Safe
2026-09-19 15:37:57.490358,7.0,987.0,706.7,18.3,72.0,Safe
2026-09-19 15:38:00.490358,16.8,1274.0,727.7,31.7,141.7,Warning
2026-09-19 15:38:03.490358,15.1,1206.0,764.5,23.8,142.3,Warning
2026-09-19 15:38:06.490358,8.0,1075.0,678.0,24.0,124.0,Warning
2026-09-19 15:38:09.490358,22.7,1584.0,784.0,30.2,142.8,Warning
2026-09-19 15:38:12.490358,14.0,1236.0,748.4,30.6,125.4,Warning
2026-09-19 15:38:15.490358,14.5,1005.0,718.9,22.1,111.0,Warning
2026-09-19 15:38:18.490358,20.4,1515.0,845.8,32.3,116.8,Warning
2026-09-19 15:38:21.490358,26.1,1698.0,751.0,27.8,113.1,Warning
2026-09-19 15:38:24.490358,16.2,1677.0,708.7,27.3,125.4,Warning
2026-09-19 15:38:27.490358,22.5,1194.0,774.9,24.7,130.3,Warning
2026-09-19 15:38:30.490358,25.3,1468.0,819.8,20.8,109.9,Warning
2026-09-19 15:38:33.490358,27.6,1177.0,871.3,16.1,56.7,Safe
2026-09-19 15:38:36.490358,26.0,1532.0,806.9,24.1,121.2,Warning
2026-09-19 15:38:39.490358,24.3,1324.0,737.2,19.2,103.7,Safe
2026-09-19 15:38:42.490358,23.0,1663.0,817.5,26.8,131.2,Warning
2026-09-19 15:38:45.490358,28.6,1398.0,858.8,15.3,56.4,Safe
2026-09-19 15:38:48.490358,23.8,1142.0,712.9,27.2,160.4,Warning
2026-09-19 15:38:51.490358,15.6,1120.0,724.9,27.2,133.0,Warning
2026-09-19 15:38:54.490358,33.5,1341.0,804.2,47.8,228.8,Warning
2026-09-19 15:38:57.490358,36.9,1835.0,868.5,36.6,173.0,Warning
2026-09-19 15:39:00.490358,21.6,1031.0,736.9,20.9,111.6,Warning
2026-09-19 15:39:03.490358,29.5,1541.0,868.2,37.5,222.5,Warning
2026-09-19 15:39:06.490358,38.7,1456.0,914.3,41.4,180.9,Warning
2026-09-19 15:39:09.490358,47.0,1927.0,924.5,24.3,129.8,Warning
2026-09-19 15:39:12.490358,37.9,1994.0,938.5,42.3,195.0,Warning
2026-09-19 15:39:15.490358,35.3,1736.0,824.7,24.2,97.6,Warning
2026-09-19 15:39:18.490358,39.1,1648.0,925.9,34.8,194.9,Warning
2026-09-19 15:39:21.490358,48.0,1995.0,951.2,17.7,78.9,Safe
2026-09-19 15:39:24.490358,39.0,1777.0,897.1,33.7,146.2,Warning
2026-09-19 15:39:27.490358,39.3,1853.0,934.6,26.2,114.9,Warning
2026-09-19 15:39:30.490358,42.0,1644.0,956.6,21.5,116.8,Warning
2026-09-19 15:39:33.490358,40.7,1907.0,979.1,22.0,134.6,Warning
2026-09-19 15:39:36.490358,47.2,1574.0,974.1,37.6,202.6,Warning
2026-09-19 15:39:39.490358,55.8,2099.0,1058.3,26.4,118.7,Warning
2026-09-19 15:39:42.490358,50.3,1985.0,985.0,33.2,161.1,Warning
2026-09-19 15:39:45.490358,48.5,2108.0,995.3,25.6,136.7,Warning
2026-09-19 15:39:48.490358,49.4,2037.0,1012.4,28.4,149.9,Warning
2026-09-19 15:39:51.490358,44.0,1690.0,948.4,31.4,146.0,Warning
2026-09-19 15:39:54.490358,57.3,2085.0,986.2,36.1,184.6,Warning
2026-09-19 15:39:57.490358,53.5,2168.0,1041.3,29.3,140.1,Warning
2026-09-19 15:40:00.490358,54.0,2138.0,1046.6,50.6,250.7,Danger
2026-09-19 15:40:03.490358,71.9,2510.0,1147.6,31.8,169.7,Warning
2026-09-19 15:40:06.490358,58.4,2187.0,1015.5,48.4,257.5,Warning
2026-09-19 15:40:09.490358,54.1,2256.0,1091.5,25.9,121.3,Warning
2026-09-19 15:40:12.490358,56.6,2138.0,1072.6,40.6,200.3,Warning
2026-09-19 15:40:15.490358,65.4,2422.0,1114.2,32.0,145.0,Warning
2026-09-19 15:40:18.490358,61.1,2654.0,1043.6,44.1,196.0,Warning
2026-09-19 15:40:21.490358,54.3,1943.0,1001.2,33.2,136.9,Warning
2026-09-19 15:40:24.490358,66.9,2195.0,1187.4,31.7,148.2,Warning
2026-09-19 15:40:27.490358,59.8,2413.0,1083.9,32.0,139.7,Warning
2026-09-19 15:40:30.490358,73.3,2531.0,1164.6,43.4,211.7,Warning
2026-09-19 15:40:33.490358,70.1,2506.0,1181.6,36.0,154.1,Warning
2026-09-19 15:40:36.490358,63.3,2265.0,1073.6,23.6,170.1,Warning
2026-09-19 15:40:39.490358,72.7,2578.0,1241.3,32.7,175.9,Warning
2026-09-19 15:40:42.490358,67.3,2722.0,1192.6,29.4,130.5,Warning
2026-09-19 15:40:45.490358,71.9,2718.0,1156.7,28.2,154.6,Warning
2026-09-19 15:40:48.490358,70.7,2698.0,1140.8,36.2,186.5,Warning
2026-09-19 15:40:51.490358,64.7,2205.0,1013.0,27.4,132.4,Warning
2026-09-19 15:40:54.490358,66.3,2286.0,1071.4,37.7,193.5,Warning
2026-09-19 15:40:57.490358,75.3,2256.0,1148.6,29.9,128.1,Warning
2026-09-19 15:41:00.490358,69.0,2404.0,1157.4,35.5,160.5,Warning
2026-09-19 15:41:03.490358,69.2,2673.0,1140.3,29.5,145.4,Warning
2026-09-19 15:41:06.490358,66.9,2550.0,1081.3,31.4,140.3,Warning
2026-09-19 15:41:09.490358,74.2,2623.0,1182.7,45.9,245.2,Warning
2026-09-19 15:41:12.490358,82.9,2868.0,1283.1,42.2,187.0,Warning
2026-09-19 15:41:15.490358,67.6,2386.0,1161.9,40.0,188.2,Warning
2026-09-19 15:41:18.490358,73.4,2666.0,1111.3,43.8,221.5,Warning
2026-09-19 15:41:21.490358,80.7,2932.0,1240.2,30.8,155.0,Warning
2026-09-19 15:41:24.490358,73.5,2395.0,1132.7,30.3,142.4,Warning
2026-09-19 15:41:27.490358,76.4,2755.0,1247.4,32.8,166.9,Warning
2026-09-19 15:41:30.490358,69.1,2667.0,1183.9,28.1,148.3,Warning
2026-09-19 15:41:33.490358,76.7,2656.0,1177.8,31.1,160.4,Warning
2026-09-19 15:41:36.490358,73.8,2750.0,1159.7,30.6,156.2,Warning
2026-09-19 15:41:39.490358,79.8,3217.0,1219.7,41.7,200.3,Warning
2026-09-19 15:41:42.490358,80.9,2806.0,1156.8,38.2,212.0,Warning
2026-09-19 15:41:45.490358,87.9,3057.0,1316.9,35.9,160.7,Warning
2026-09-19 15:41:48.490358,77.9,2637.0,1212.3,48.7,229.6,Warning
2026-09-19 15:41:51.490358,76.6,2742.0,1251.7,27.7,143.1,Warning
2026-09-19 15:41:54.490358,75.9,2767.0,1163.3,27.4,144.3,Warning
2026-09-19 15:41:57.490358,73.1,2656.0,1159.9,21.0,140.3,Warning
2026-09-19 15:42:00.490358,76.4,2557.0,1151.1,25.0,117.8,Warning
2026-09-19 15:42:03.490358,73.1,2658.0,1144.6,26.1,144.6,Warning
2026-09-19 15:42:06.490358,75.2,2900.0,1154.5,40.3,152.5,Warning
2026-09-19 15:42:09.490358,80.7,2886.0,1285.8,38.0,183.2,Warning
2026-09-19 15:42:12.490358,68.9,2666.0,1123.0,23.7,130.5,Warning
2026-09-19 15:42:15.490358,79.3,2747.0,1239.4,38.0,196.5,Warning
2026-09-19 15:42:18.490358,79.9,2909.0,1223.7,39.6,180.3,Warning
2026-09-19 15:42:21.490358,72.3,2650.0,1127.9,53.5,252.0,Danger
2026-09-19 15:42:24.490358,61.9,2206.0,1088.7,26.3,131.9,Warning
2026-09-19 15:42:27.490358,69.1,2575.0,1176.6,45.0,224.1,Warning
2026-09-19 15:42:30.490358,78.2,2605.0,1176.9,30.2,143.9,Warning
2026-09-19 15:42:33.490358,71.1,2482.0,1200.9,47.4,233.4,Warning
2026-09-19 15:42:36.490358,65.7,2470.0,1091.4,30.8,149.0,Warning
2026-09-19 15:42:39.490358,67.6,2535.0,1121.5,34.9,194.1,Warning
2026-09-19 15:42:42.490358,73.8,2465.0,1211.3,31.0,165.6,Warning
2026-09-19 15:42:45.490358,71.7,2750.0,1146.9,32.9,198.3,Warning
2026-09-19 15:42:48.490358,67.1,2564.0,1138.5,37.5,194.6,Warning
2026-09-19 15:42:51.490358,65.8,2340.0,1114.0,27.1,121.9,Warning
2026-09-19 15:42:54.490358,65.0,2195.0,1125.2,23.5,128.4,Warning
2026-09-19 15:42:57.490358,61.6,2319.0,997.9,35.5,188.9,Warning
2026-09-19 15:43:00.490358,73.6,2573.0,1115.5,29.2,144.8,Warning
2026-09-19 15:43:03.490358,63.1,2395.0,1129.7,28.5,154.0,Warning
2026-09-19 15:43:06.490358,70.0,2497.0,1201.8,35.6,205.3,Warning
2026-09-19 15:43:09.490358,70.8,2268.0,1129.6,36.0,178.1,Warning
2026-09-19 15:43:12.490358,67.3,2424.0,1128.7,68.1,302.5,Danger
2026-09-19 15:43:15.490358,59.3,2236.0,1086.1,65.2,269.9,Danger
2026-09-19 15:43:18.490358,62.6,2460.0,1128.5,68.2,338.8,Danger
2026-09-19 15:43:21.490358,59.6,2184.0,995.3,95.8,398.0,Danger
2026-09-19 15:43:24.490358,54.2,2408.0,998.4,101.7,392.2,Danger
2026-09-19 15:43:27.490358,59.4,1999.0,1062.2,111.5,445.6,Danger
2026-09-19 15:43:30.490358,51.0,2271.0,1035.9,118.7,445.4,Danger
2026-09-19 15:43:33.490358,61.8,2312.0,1194.6,113.9,439.9,Danger
2026-09-19 15:43:36.490358,52.6,2243.0,1011.5,121.1,480.1,Danger
2026-09-19 15:43:39.490358,54.9,2185.0,983.0,111.4,426.1,Danger
2026-09-19 15:43:42.490358,54.3,2328.0,1050.5,116.7,460.2,Danger
2026-09-19 15:43:45.490358,50.6,2006.0,1057.3,107.8,459.9,Danger
2026-09-19 15:43:48.490358,53.7,1979.0,1034.3,111.4,460.2,Danger
2026-09-19 15:43:51.490358,47.4,2198.0,942.9,111.9,453.2,Danger
2026-09-19 15:43:54.490358,53.1,2109.0,1062.8,115.5,496.9,Danger
2026-09-19 15:43:57.490358,40.9,1856.0,953.8,99.8,445.4,Danger
2026-09-19 15:44:00.490358,47.2,2165.0,936.5,102.3,420.1,Danger
2026-09-19 15:44:03.490358,55.2,2024.0,1056.6,88.6,327.5,Danger
2026-09-19 15:44:06.490358,39.4,1874.0,955.0,81.6,337.2,Danger
2026-09-19 15:44:09.490358,39.9,1709.0,966.5,52.4,214.9,Danger
2026-09-19 15:44:12.490358,44.8,1899.0,955.5,32.6,153.8,Warning
2026-09-19 15:44:15.490358,42.0,1861.0,921.7,26.3,110.3,Warning
2026-09-19 15:44:18.490358,41.8,1619.0,983.1,18.6,92.9,Safe
2026-09-19 15:44:21.490358,41.3,1717.0,882.4,20.5,95.0,Warning
2026-09-19 15:44:24.490358,41.0,2027.0,945.4,19.6,97.1,Safe
2026-09-19 15:44:27.490358,42.3,1989.0,883.2,26.4,91.8,Warning
2026-09-19 15:44:30.490358,37.7,1732.0,943.9,31.0,141.4,Warning
2026-09-19 15:44:33.490358,33.3,1669.0,856.2,17.3,85.0,Safe
2026-09-19 15:44:36.490358,36.8,1676.0,945.2,33.4,147.4,Warning
2026-09-19 15:44:39.490358,41.9,2050.0,954.6,26.0,131.3,Warning
2026-09-19 15:44:42.490358,30.6,1536.0,796.1,43.7,197.8,Warning
2026-09-19 15:44:45.490358,25.4,1469.0,859.9,24.9,92.4,Warning
2026-09-19 15:44:48.490358,34.7,1840.0,939.8,20.3,108.1,Warning
2026-09-19 15:44:51.490358,27.5,1372.0,855.6,41.2,197.3,Warning
2026-09-19 15:44:54.490358,16.3,1440.0,699.6,20.0,85.8,Warning
2026-09-19 15:44:57.490358,30.3,1329.0,830.5,25.7,99.8,Warning
2026-09-19 15:45:00.490358,22.4,1605.0,785.2,27.4,132.0,Warning
2026-09-19 15:45:03.490358,23.7,1336.0,761.1,20.6,78.3,Warning
2026-09-19 15:45:06.490358,24.8,1384.0,866.1,22.1,92.9,Warning
2026-09-19 15:45:09.490358,23.1,1095.0,790.9,12.2,69.9,Safe
2026-09-19 15:45:12.490358,24.8,1352.0,690.2,18.1,110.4,Safe
2026-09-19 15:45:15.490358,18.1,1098.0,758.8,20.5,73.0,Warning
2026-09-19 15:45:18.490358,22.0,1259.0,762.0,21.5,82.8,Warning
2026-09-19 15:45:21.490358,17.3,1211.0,735.0,16.8,83.4,Safe
2026-09-19 15:45:24.490358,21.4,1478.0,756.3,17.6,101.4,Safe
2026-09-19 15:45:27.490358,19.9,1329.0,791.7,30.3,172.4,Warning
2026-09-19 15:45:30.490358,11.4,1130.0,735.7,11.8,77.7,Safe
2026-09-19 15:45:33.490358,20.7,1153.0,776.8,16.8,83.1,Safe
2026-09-19 15:45:36.490358,11.8,963.0,680.9,13.0,82.2,Safe
2026-09-19 15:45:39.490358,17.8,1514.0,740.6,20.8,113.7,Warning
2026-09-19 15:45:42.490358,14.9,1061.0,719.7,16.1,78.6,Safe
2026-09-19 15:45:45.490358,21.5,1587.0,740.2,24.5,108.9,Warning
2026-09-19 15:45:48.490358,10.6,1028.0,707.7,30.5,158.1,Warning
2026-09-19 15:45:51.490358,9.3,1033.0,692.8,14.1,68.1,Safe
2026-09-19 15:45:54.490358,10.4,1219.0,744.4,16.2,83.5,Safe
2026-09-19 15:45:57.490358,8.4,1200.0,717.1,16.1,106.8,Safe
2026-09-19 15:46:00.490358,13.3,1117.0,679.2,27.3,100.5,Warning
2026-09-19 15:46:03.490358,0.7,760.0,638.7,26.3,112.8,Warning
2026-09-19 15:46:06.490358,3.1,868.0,586.5,11.7,71.7,Safe
2026-09-19 15:46:09.490358,2.5,914.0,648.2,32.8,114.3,Warning
2026-09-19 15:46:12.490358,12.2,1239.0,677.0,36.0,218.3,Warning
2026-09-19 15:46:15.490358,15.6,1191.0,684.0,23.1,120.5,Warning
2026-09-19 15:46:18.490358,6.2,1048.0,660.7,32.7,136.3,Warning
2026-09-19 15:46:21.490358,5.5,1184.0,537.4,20.4,61.6,Warning
2026-09-19 15:46:24.490358,6.4,1018.0,581.6,21.9,99.3,Warning
2026-09-19 15:46:27.490358,11.7,1138.0,686.1,23.3,107.0,Warning
2026-09-19 15:46:30.490358,1.0,700.0,611.2,15.2,87.4,Safe
2026-09-19 15:46:33.490358,6.6,700.0,638.2,23.9,109.9,Warning
2026-09-19 15:46:36.490358,10.2,1112.0,618.0,14.9,68.2,Safe
2026-09-19 15:46:39.490358,7.7,977.0,628.6,19.6,110.3,Safe
2026-09-19 15:46:42.490358,6.0,873.0,663.8,16.5,93.4,Safe
2026-09-19 15:46:45.490358,10.0,1087.0,703.5,24.4,112.4,Warning
2026-09-19 15:46:48.490358,0.0,791.0,599.4,14.5,43.6,Safe
2026-09-19 15:46:51.490358,8.4,1179.0,713.5,13.5,88.7,Safe
2026-09-19 15:46:54.490358,1.8,858.0,630.3,21.7,140.7,Warning
2026-09-19 15:46:57.490358,0.0,700.0,570.1,18.0,113.8,Safe
2026-09-19 15:47:00.490358,7.8,1144.0,651.4,31.8,169.0,Warning
2026-09-19 15:47:03.490358,12.3,1075.0,642.3,21.1,106.1,Warning
2026-09-19 15:47:06.490358,4.9,1002.0,635.1,12.1,73.6,Safe
2026-09-19 15:47:09.490358,10.6,994.0,729.3,25.7,138.4,Warning
2026-09-19 15:47:12.490358,14.2,1057.0,740.7,19.8,69.7,Safe
2026-09-19 15:47:15.490358,13.0,1137.0,759.8,14.3,75.5,Safe
2026-09-19 15:47:18.490358,14.9,1175.0,707.2,19.1,103.3,Safe
2026-09-19 15:47:21.490358,10.8,1141.0,740.1,24.3,109.9,Warning
2026-09-19 15:47:24.490358,7.8,956.0,654.9,29.6,126.2,Warning
2026-09-19 15:47:27.490358,0.0,700.0,658.9,11.0,55.0,Safe
2026-09-19 15:47:30.490358,7.1,913.0,655.9,21.2,87.6,Warning
2026-09-19 15:47:33.490358,4.6,1034.0,665.1,28.3,169.2,Warning
2026-09-19 15:47:36.490358,20.2,1260.0,820.5,20.6,96.6,Warning
2026-09-19 15:47:39.490358,9.0,988.0,664.2,27.5,153.7,Warning
2026-09-19 15:47:42.490358,11.1,1225.0,697.3,23.6,85.8,Warning
2026-09-19 15:47:45.490358,13.8,1038.0,762.0,19.0,86.6,Safe
2026-09-19 15:47:48.490358,11.9,866.0,689.9,21.3,95.7,Warning
2026-09-19 15:47:51.490358,20.8,1296.0,713.7,22.8,59.8,Warning
2026-09-19 15:47:54.490358,9.9,975.0,765.1,20.0,108.3,Safe
2026-09-19 15:47:57.490358,14.7,1023.0,699.0,18.5,63.5,Safe
2026-09-19 15:48:00.490358,10.8,1043.0,692.5,24.9,90.6,Warning
2026-09-19 15:48:03.490358,8.7,1090.0,715.4,14.3,54.9,Safe
2026-09-19 15:48:06.490358,13.0,1123.0,679.5,26.9,124.9,Warning
2026-09-19 15:48:09.490358,16.7,1263.0,693.0,18.8,104.4,Safe
2026-09-19 15:48:12.490358,15.5,1461.0,734.5,20.9,99.1,Warning
2026-09-19 15:48:15.490358,15.1,1126.0,649.0,18.1,89.5,Safe
2026-09-19 15:48:18.490358,12.4,1152.0,687.7,20.5,109.4,Warning
2026-09-19 15:48:21.490358,19.9,1221.0,769.1,20.9,78.4,Warning
2026-09-19 15:48:24.490358,13.7,1016.0,699.0,21.9,84.7,Warning
2026-09-19 15:48:27.490358,26.0,1362.0,746.1,33.1,126.9,Warning
2026-09-19 15:48:30.490358,23.6,1317.0,852.2,28.6,138.3,Warning
2026-09-19 15:48:33.490358,16.8,1274.0,738.7,20.2,68.6,Warning
2026-09-19 15:48:36.490358,23.6,1741.0,845.7,25.2,143.8,Warning
2026-09-19 15:48:39.490358,22.3,1251.0,768.3,20.9,120.1,Warning
2026-09-19 15:48:42.490358,28.7,1455.0,794.5,40.0,181.1,Warning
2026-09-19 15:48:45.490358,34.8,1662.0,889.5,30.3,149.0,Warning
2026-09-19 15:48:48.490358,19.8,1355.0,749.8,26.7,83.7,Warning
2026-09-19 15:48:51.490358,30.8,1610.0,799.4,36.6,170.7,Warning
2026-09-19 15:48:54.490358,30.5,1755.0,902.8,25.9,134.9,Warning
2026-09-19 15:48:57.490358,35.7,1329.0,860.9,16.2,67.4,Safe
2026-09-19 15:49:00.490358,34.5,1305.0,802.5,22.8,96.8,Warning
2026-09-19 15:49:03.490358,30.8,1495.0,899.2,18.0,73.1,Safe
2026-09-19 15:49:06.490358,34.0,1815.0,852.0,26.0,109.1,Warning
2026-09-19 15:49:09.490358,32.7,1383.0,837.5,34.6,132.0,Warning
2026-09-19 15:49:12.490358,43.2,1428.0,874.8,23.8,123.7,Warning
2026-09-19 15:49:15.490358,39.0,1861.0,981.7,31.8,138.7,Warning
2026-09-19 15:49:18.490358,49.5,2074.0,944.5,26.6,114.0,Warning
2026-09-19 15:49:21.490358,40.8,1656.0,928.7,37.7,156.9,Warning
2026-09-19 15:49:24.490358,38.7,1619.0,945.7,27.1,113.2,Warning
2026-09-19 15:49:27.490358,35.7,1548.0,902.7,16.5,90.3,Safe
2026-09-19 15:49:30.490358,35.4,1701.0,880.6,20.9,107.5,Warning
2026-09-19 15:49:33.490358,37.6,1645.0,832.4,33.5,188.3,Warning
2026-09-19 15:49:36.490358,47.9,2071.0,950.8,39.9,186.0,Warning
2026-09-19 15:49:39.490358,50.2,1626.0,1008.9,31.6,161.1,Warning
2026-09-19 15:49:42.490358,40.8,1691.0,894.9,25.5,113.4,Warning
2026-09-19 15:49:45.490358,54.2,1987.0,1042.1,35.7,179.5,Warning
2026-09-19 15:49:48.490358,48.4,1972.0,1014.5,24.3,101.6,Warning
2026-09-19 15:49:51.490358,52.6,2034.0,1059.2,36.2,165.1,Warning
2026-09-19 15:49:54.490358,60.9,2443.0,1038.5,25.7,167.2,Warning
2026-09-19 15:49:57.490358,58.4,1981.0,1154.9,32.4,158.4,Warning
2026-09-19 15:50:00.490358,53.6,2146.0,1059.2,32.0,158.5,Warning
2026-09-19 15:50:03.490358,51.4,2170.0,1011.4,30.6,153.1,Warning
2026-09-19 15:50:06.490358,46.1,2231.0,1012.4,21.9,129.6,Warning
2026-09-19 15:50:09.490358,54.2,2083.0,1128.4,36.9,182.6,Warning
2026-09-19 15:50:12.490358,57.7,2291.0,1004.0,23.5,111.0,Warning
2026-09-19 15:50:15.490358,54.7,1898.0,1028.9,25.5,125.2,Warning
2026-09-19 15:50:18.490358,59.9,1939.0,984.2,31.7,153.6,Warning
2026-09-19 15:50:21.490358,61.8,2473.0,1102.4,31.5,137.6,Warning
2026-09-19 15:50:24.490358,61.2,2329.0,1104.1,23.4,124.2,Warning
2026-09-19 15:50:27.490358,59.9,2474.0,1077.6,32.9,141.0,Warning
2026-09-19 15:50:30.490358,64.8,2214.0,1092.2,33.4,144.2,Warning
2026-09-19 15:50:33.490358,67.0,2552.0,1053.7,44.4,193.9,Warning
2026-09-19 15:50:36.490358,60.1,2582.0,1095.4,53.5,204.7,Danger
2026-09-19 15:50:39.490358,73.3,2696.0,1244.7,68.8,292.5,Danger
2026-09-19 15:50:42.490358,66.5,2503.0,1108.2,73.5,327.9,Danger
2026-09-19 15:50:45.490358,67.7,2495.0,1159.6,80.1,377.7,Danger
2026-09-19 15:50:48.490358,71.9,2361.0,1112.1,86.3,379.1,Danger
2026-09-19 15:50:51.490358,70.1,2756.0,1179.2,98.7,446.7,Danger
2026-09-19 15:50:54.490358,74.3,2566.0,1178.8,107.7,435.4,Danger
2026-09-19 15:50:57.490358,71.6,2665.0,1142.0,111.3,510.6,Danger
2026-09-19 15:51:00.490358,67.6,2256.0,1110.5,103.6,430.3,Danger
2026-09-19 15:51:03.490358,73.0,2448.0,1168.2,106.8,446.8,Danger
2026-09-19 15:51:06.490358,66.0,2664.0,1142.9,105.4,460.8,Danger
2026-09-19 15:51:09.490358,72.7,2565.0,1128.8,117.7,524.5,Danger
2026-09-19 15:51:12.490358,72.4,2827.0,1163.1,109.6,479.0,Danger
2026-09-19 15:51:15.490358,71.9,2586.0,1173.5,104.6,460.3,Danger
2026-09-19 15:51:18.490358,72.6,2340.0,1137.2,114.4,505.5,Danger
2026-09-19 15:51:21.490358,64.2,2539.0,1185.5,106.9,456.6,Danger
2026-09-19 15:51:24.490358,71.2,2490.0,1135.1,120.3,524.2,Danger
2026-09-19 15:51:27.490358,74.6,2770.0,1170.2,106.2,501.9,Danger
2026-09-19 15:51:30.490358,75.2,2683.0,1162.3,111.9,480.0,Danger
2026-09-19 15:51:33.490358,69.4,2304.0,1227.4,96.5,457.9,Danger
2026-09-19 15:51:36.490358,81.1,2851.0,1270.5,92.1,387.3,Danger
2026-09-19 15:51:39.490358,70.5,2892.0,1126.6,78.9,366.7,Danger
2026-09-19 15:51:42.490358,79.8,2868.0,1282.5,76.5,366.0,Danger
2026-09-19 15:51:45.490358,77.1,2719.0,1225.0,70.9,289.2,Danger
2026-09-19 15:51:48.490358,71.8,2756.0,1184.4,58.0,255.7,Danger
2026-09-19 15:51:51.490358,83.9,2928.0,1257.1,39.1,187.2,Warning
2026-09-19 15:51:54.490358,69.0,2555.0,1121.7,31.9,128.2,Warning
2026-09-19 15:51:57.490358,79.4,2622.0,1249.0,41.1,190.1,Warning
2026-09-19 15:52:00.490358,79.7,2828.0,1216.0,34.7,231.4,Warning
2026-09-19 15:52:03.490358,71.2,2736.0,1242.4,27.2,150.7,Warning
2026-09-19 15:52:06.490358,81.3,2708.0,1200.0,28.7,169.8,Warning
2026-09-19 15:52:09.490358,72.9,2836.0,1244.7,36.3,190.9,Warning
2026-09-19 15:52:12.490358,75.3,2670.0,1198.3,24.9,130.7,Warning
2026-09-19 15:52:15.490358,74.9,2540.0,1211.3,32.9,136.3,Warning
2026-09-19 15:52:18.490358,72.6,2765.0,1214.2,29.9,155.0,Warning
2026-09-19 15:52:21.490358,77.0,2682.0,1190.7,32.4,163.0,Warning
2026-09-19 15:52:24.490358,76.5,2827.0,1246.6,49.2,226.5,Warning
2026-09-19 15:52:27.490358,63.4,2341.0,998.7,23.9,103.6,Warning
2026-09-19 15:52:30.490358,78.2,2746.0,1196.7,29.1,182.9,Warning
2026-09-19 15:52:33.490358,62.9,2446.0,1066.0,27.0,133.4,Warning
2026-09-19 15:52:36.490358,75.8,2739.0,1156.5,43.6,221.3,Warning
2026-09-19 15:52:39.490358,75.8,2395.0,1197.5,43.5,205.5,Warning
2026-09-19 15:52:42.490358,64.1,2234.0,1128.2,40.6,172.2,Warning
2026-09-19 15:52:45.490358,66.9,2612.0,1163.3,30.0,136.1,Warning
2026-09-19 15:52:48.490358,62.8,2350.0,1111.9,27.0,135.6,Warning
2026-09-19 15:52:51.490358,66.6,2386.0,1106.0,26.5,133.4,Warning
2026-09-19 15:52:54.490358,65.4,2232.0,1138.2,23.4,118.6,Warning
2026-09-19 15:52:57.490358,70.2,2392.0,1166.2,38.6,163.0,Warning
2026-09-19 15:53:00.490358,72.1,2298.0,1214.0,31.9,116.8,Warning
2026-09-19 15:53:03.490358,71.7,2578.0,1204.9,46.6,226.4,Warning
2026-09-19 15:53:06.490358,61.1,2239.0,1090.4,36.3,199.3,Warning
2026-09-19 15:53:09.490358,62.1,2208.0,1060.9,30.1,164.3,Warning
2026-09-19 15:53:12.490358,53.9,2137.0,1005.0,25.9,121.4,Warning
2026-09-19 15:53:15.490358,57.4,2290.0,1037.4,35.5,179.5,Warning
2026-09-19 15:53:18.490358,65.4,2749.0,1110.6,42.2,207.6,Warning
2026-09-19 15:53:21.490358,67.8,2267.0,1152.7,47.2,211.8,Warning
2026-09-19 15:53:24.490358,52.6,2288.0,1049.3,42.2,202.6,Warning
2026-09-19 15:53:27.490358,54.9,2317.0,1036.8,30.7,136.6,Warning
2026-09-19 15:53:30.490358,56.7,2101.0,1054.5,29.6,113.4,Warning
2026-09-19 15:53:33.490358,57.3,2263.0,1064.1,30.7,154.2,Warning
2026-09-19 15:53:36.490358,50.9,2003.0,986.2,29.0,73.9,Warning
2026-09-19 15:53:39.490358,56.0,2228.0,1011.1,29.3,95.2,Warning
2026-09-19 15:53:42.490358,50.5,2289.0,933.9,29.3,133.9,Warning
2026-09-19 15:53:45.490358,51.8,2185.0,986.5,25.3,148.3,Warning
2026-09-19 15:53:48.490358,53.5,2215.0,1047.3,27.8,111.3,Warning
2026-09-19 15:53:51.490358,49.8,1980.0,970.3,30.3,154.6,Warning
2026-09-19 15:53:54.490358,46.5,1740.0,962.7,19.5,113.3,Safe
2026-09-19 15:53:57.490358,47.1,1946.0,995.4,25.0,120.3,Warning
2026-09-19 15:54:00.490358,46.1,2134.0,989.8,30.9,150.3,Warning
2026-09-19 15:54:03.490358,43.6,1662.0,905.8,23.3,108.3,Warning
2026-09-19 15:54:06.490358,43.1,1719.0,984.6,26.5,139.1,Warning
2026-09-19 15:54:09.490358,51.3,2101.0,1055.4,21.0,108.4,Warning
2026-09-19 15:54:12.490358,45.0,1777.0,914.8,43.9,219.2,Warning
2026-09-19 15:54:15.490358,39.6,1672.0,884.0,32.8,180.1,Warning
2026-09-19 15:54:18.490358,43.5,1824.0,995.5,42.7,251.8,Warning
2026-09-19 15:54:21.490358,37.2,1526.0,892.0,47.9,265.5,Warning
2026-09-19 15:54:24.490358,43.7,1746.0,860.6,57.3,329.6,Danger
2026-09-19 15:54:27.490358,38.6,1869.0,852.4,78.0,443.3,Danger
2026-09-19 15:54:30.490358,35.1,1481.0,870.6,64.4,430.0,Danger
2026-09-19 15:54:33.490358,36.8,1479.0,847.6,84.8,505.8,Danger
2026-09-19 15:54:36.490358,25.6,1345.0,788.2,94.6,563.3,Danger
2026-09-19 15:54:39.490358,26.7,1578.0,815.1,80.9,477.6,Danger
2026-09-19 15:54:42.490358,25.3,1404.0,861.1,88.7,523.3,Danger
2026-09-19 15:54:45.490358,31.0,1504.0,836.0,98.6,587.7,Danger
2026-09-19 15:54:48.490358,37.8,1753.0,945.7,98.7,565.6,Danger
2026-09-19 15:54:51.490358,39.3,1521.0,971.6,91.7,536.5,Danger
2026-09-19 15:54:54.490358,30.3,1632.0,899.8,98.8,553.2,Danger
2026-09-19 15:54:57.490358,28.6,1573.0,840.2,99.5,566.3,Danger
2026-09-19 15:55:00.490358,16.1,1141.0,650.2,86.5,516.8,Danger
2026-09-19 15:55:03.490358,21.4,1486.0,789.6,85.8,523.5,Danger
2026-09-19 15:55:06.490358,19.2,1111.0,795.5,83.8,474.9,Danger
2026-09-19 15:55:09.490358,19.1,1446.0,749.4,82.1,496.4,Danger
2026-09-19 15:55:12.490358,20.4,1333.0,833.0,78.6,492.1,Danger
2026-09-19 15:55:15.490358,18.0,1199.0,778.1,89.8,498.8,Danger
2026-09-19 15:55:18.490358,9.5,1035.0,699.0,61.1,422.9,Danger
2026-09-19 15:55:21.490358,22.3,1341.0,821.8,56.7,316.1,Danger
2026-09-19 15:55:24.490358,12.3,1291.0,711.9,57.9,306.1,Danger
2026-09-19 15:55:27.490358,18.1,1090.0,644.7,62.2,332.3,Danger
2026-09-19 15:55:30.490358,26.4,1346.0,791.3,49.2,249.6,Warning
2026-09-19 15:55:33.490358,10.7,1222.0,733.1,65.5,346.6,Danger
2026-09-19 15:55:36.490358,1.8,757.0,582.4,22.1,111.3,Warning
2026-09-19 15:55:39.490358,12.3,1243.0,689.6,37.6,200.9,Warning
2026-09-19 15:55:42.490358,18.5,1518.0,706.5,33.6,163.3,Warning
2026-09-19 15:55:45.490358,22.1,1293.0,848.4,37.8,155.0,Warning
2026-09-19 15:55:48.490358,5.5,1041.0,711.6,29.9,107.9,Warning
2026-09-19 15:55:51.490358,13.5,965.0,672.9,22.6,83.9,Warning
2026-09-19 15:55:54.490358,8.1,1116.0,670.9,20.9,86.6,Warning
2026-09-19 15:55:57.490358,9.3,1064.0,647.5,36.0,147.2,Warning
2026-09-19 15:56:00.490358,22.6,1435.0,805.0,24.0,152.3,Warning
2026-09-19 15:56:03.490358,1.3,736.0,630.8,28.7,167.5,Warning
2026-09-19 15:56:06.490358,9.6,791.0,709.3,24.1,141.9,Warning
2026-09-19 15:56:09.490358,10.2,1131.0,695.0,22.1,92.7,Warning
2026-09-19 15:56:12.490358,12.9,813.0,820.5,13.7,81.8,Safe
2026-09-19 15:56:15.490358,7.6,941.0,619.4,21.9,113.0,Warning
2026-09-19 15:56:18.490358,8.3,1148.0,597.6,18.9,79.7,Safe
2026-09-19 15:56:21.490358,4.4,940.0,619.7,13.2,80.3,Safe
2026-09-19 15:56:24.490358,7.4,1278.0,596.8,16.4,77.6,Safe
2026-09-19 15:56:27.490358,4.1,1057.0,573.3,14.2,85.6,Safe
2026-09-19 15:56:30.490358,8.7,920.0,629.8,11.9,63.7,Safe
2026-09-19 15:56:33.490358,3.6,894.0,591.8,9.4,86.9,Safe
2026-09-19 15:56:36.490358,7.2,972.0,619.1,14.2,72.9,Safe
2026-09-19 15:56:39.490358,5.0,700.0,660.8,14.5,52.3,Safe
2026-09-19 15:56:42.490358,10.7,926.0,665.3,11.2,80.7,Safe
2026-09-19 15:56:45.490358,4.8,835.0,630.9,29.0,119.4,Warning
2026-09-19 15:56:48.490358,0.0,700.0,635.8,22.4,116.0,Warning
2026-09-19 15:56:51.490358,11.3,1090.0,660.0,15.2,66.3,Safe
2026-09-19 15:56:54.490358,0.5,776.0,593.7,28.4,139.5,Warning
2026-09-19 15:56:57.490358,1.9,700.0,629.7,15.0,78.2,Safe
2026-09-19 15:57:00.490358,2.3,918.0,540.7,27.1,141.3,Warning
2026-09-19 15:57:03.490358,12.3,1215.0,603.0,16.8,93.5,Safe
2026-09-19 15:57:06.490358,0.0,834.0,613.8,26.5,128.9,Warning
2026-09-19 15:57:09.490358,21.5,1290.0,791.9,34.1,126.7,Warning
2026-09-19 15:57:12.490358,11.4,1173.0,773.6,39.6,173.9,Warning
2026-09-19 15:57:15.490358,7.5,1090.0,666.4,24.7,83.9,Warning
2026-09-19 15:57:18.490358,6.4,1007.0,684.3,12.9,70.3,Safe
2026-09-19 15:57:21.490358,8.5,889.0,660.2,17.2,65.6,Safe
2026-09-19 15:57:24.490358,10.1,1093.0,692.4,19.7,65.5,Safe
2026-09-19 15:57:27.490358,11.1,1257.0,755.5,19.8,102.2,Safe
2026-09-19 15:57:30.490358,11.1,988.0,603.9,18.5,89.4,Safe
2026-09-19 15:57:33.490358,9.3,1346.0,690.6,19.7,94.5,Safe
2026-09-19 15:57:36.490358,8.3,930.0,752.2,8.9,61.0,Safe
2026-09-19 15:57:39.490358,9.1,1033.0,684.2,12.0,66.1,Safe
2026-09-19 15:57:42.490358,9.5,936.0,741.8,24.7,123.0,Warning
2026-09-19 15:57:45.490358,16.7,1252.0,708.6,23.8,98.8,Warning
2026-09-19 15:57:48.490358,14.7,905.0,715.9,34.0,196.5,Warning
2026-09-19 15:57:51.490358,0.0,718.0,601.3,13.4,57.4,Safe
2026-09-19 15:57:54.490358,16.3,1044.0,641.8,37.3,165.9,Warning
2026-09-19 15:57:57.490358,14.7,1188.0,671.0,13.9,82.2,Safe
2026-09-19 15:58:00.490358,14.4,1309.0,671.3,20.9,74.1,Warning
2026-09-19 15:58:03.490358,13.3,1230.0,739.4,24.6,128.6,Warning
2026-09-19 15:58:06.490358,21.7,986.0,808.2,29.1,113.5,Warning
2026-09-19 15:58:09.490358,21.6,1646.0,785.7,28.3,151.6,Warning
2026-09-19 15:58:12.490358,13.8,1190.0,743.6,13.0,93.4,Safe
2026-09-19 15:58:15.490358,20.6,1198.0,758.1,14.3,62.7,Safe
2026-09-19 15:58:18.490358,14.6,1188.0,764.6,24.9,119.2,Warning
2026-09-19 15:58:21.490358,13.4,1162.0,707.8,18.4,100.0,Safe
2026-09-19 15:58:24.490358,18.1,1153.0,747.2,33.2,157.6,Warning
2026-09-19 15:58:27.490358,26.5,1492.0,801.3,32.6,160.1,Warning
2026-09-19 15:58:30.490358,27.9,1406.0,850.6,16.0,85.9,Safe
2026-09-19 15:58:33.490358,26.7,1406.0,796.6,17.3,98.6,Safe
2026-09-19 15:58:36.490358,28.7,1415.0,868.8,14.2,82.6,Safe
2026-09-19 15:58:39.490358,28.7,1302.0,784.2,23.8,94.1,Warning
2026-09-19 15:58:42.490358,23.9,1420.0,747.3,18.5,84.3,Safe
2026-09-19 15:58:45.490358,30.3,1645.0,869.9,36.9,140.9,Warning
2026-09-19 15:58:48.490358,33.2,1707.0,861.9,21.4,124.5,Warning
2026-09-19 15:58:51.490358,34.0,1773.0,853.9,19.8,103.9,Safe
2026-09-19 15:58:54.490358,37.2,1780.0,933.5,23.9,140.4,Warning
2026-09-19 15:58:57.490358,35.9,1618.0,863.0,22.0,119.5,Warning
2026-09-19 15:59:00.490358,35.2,1806.0,873.6,22.4,122.2,Warning
2026-09-19 15:59:03.490358,39.9,1593.0,975.0,13.6,98.9,Safe
2026-09-19 15:59:06.490358,35.5,1552.0,945.4,33.4,114.4,Warning
2026-09-19 15:59:09.490358,32.3,1463.0,921.3,23.2,127.7,Warning
2026-09-19 15:59:12.490358,37.0,1887.0,884.6,17.0,108.2,Safe
2026-09-19 15:59:15.490358,35.2,1821.0,930.6,18.7,93.7,Safe
2026-09-19 15:59:18.490358,36.6,1789.0,855.0,32.1,102.7,Warning
2026-09-19 15:59:21.490358,40.4,1970.0,886.7,43.4,204.0,Warning
2026-09-19 15:59:24.490358,38.2,1624.0,811.9,61.8,250.3,Danger
2026-09-19 15:59:27.490358,41.8,1896.0,1000.9,89.2,379.7,Danger
2026-09-19 15:59:30.490358,34.9,1654.0,844.8,108.6,457.1,Danger
2026-09-19 15:59:33.490358,46.5,2091.0,967.3,120.6,518.0,Danger
2026-09-19 15:59:36.490358,46.6,1947.0,936.1,114.7,451.5,Danger
2026-09-19 15:59:39.490358,43.5,1831.0,976.2,108.8,480.6,Danger
2026-09-19 15:59:42.490358,52.0,2181.0,1001.0,126.1,513.0,Danger
2026-09-19 15:59:45.490358,54.5,2293.0,983.4,126.3,512.9,Danger
2026-09-19 15:59:48.490358,42.8,1769.0,959.9,110.9,492.0,Danger
2026-09-19 15:59:51.490358,48.0,1992.0,927.0,92.4,443.1,Danger
2026-09-19 15:59:54.490358,49.0,1867.0,958.8,68.6,282.2,Danger
2026-09-19 15:59:57.490358,49.2,1655.0,909.3,56.5,233.3,Danger
2026-09-19 16:00:00.490358,59.0,2306.0,1015.4,30.2,149.6,Warning
2026-09-19 16:00:03.490358,54.9,2264.0,1046.5,32.0,137.4,Warning
2026-09-19 16:00:06.490358,55.5,2228.0,965.7,37.1,157.3,Warning
2026-09-19 16:00:09.490358,47.8,1702.0,923.1,29.0,149.6,Warning
2026-09-19 16:00:12.490358,61.9,2296.0,1095.4,29.2,157.7,Warning
2026-09-19 16:00:15.490358,53.5,1804.0,1006.1,19.8,113.7,Safe
2026-09-19 16:00:18.490358,60.9,2527.0,1166.7,40.1,186.6,Warning
2026-09-19 16:00:21.490358,62.8,2208.0,1176.1,34.5,190.0,Warning
2026-09-19 16:00:24.490358,69.1,2716.0,1118.2,38.9,172.9,Warning
2026-09-19 16:00:27.490358,56.6,2357.0,1075.1,49.6,251.6,Warning
2026-09-19 16:00:30.490358,48.9,1886.0,1020.9,29.2,196.1,Warning
2026-09-19 16:00:33.490358,65.7,2272.0,1101.4,71.8,338.4,Danger
2026-09-19 16:00:36.490358,74.5,2715.0,1136.3,54.6,293.4,Danger
2026-09-19 16:00:39.490358,72.4,2485.0,1179.1,61.5,346.2,Danger
2026-09-19 16:00:42.490358,68.0,2516.0,1137.2,69.0,462.6,Danger
2026-09-19 16:00:45.490358,65.2,2358.0,1104.1,78.3,486.3,Danger
2026-09-19 16:00:48.490358,72.4,2342.0,1196.5,82.7,519.3,Danger
2026-09-19 16:00:51.490358,64.1,2067.0,1082.6,81.6,475.8,Danger
2026-09-19 16:00:54.490358,71.9,2632.0,1129.4,96.6,600.9,Danger
2026-09-19 16:00:57.490358,72.7,2532.0,1185.6,88.4,532.0,Danger
2026-09-19 16:01:00.490358,76.0,2616.0,1223.2,105.4,606.7,Danger
2026-09-19 16:01:03.490358,85.0,3029.0,1232.8,86.3,536.3,Danger
2026-09-19 16:01:06.490358,73.6,2817.0,1226.2,109.7,622.4,Danger
2026-09-19 16:01:09.490358,69.6,2499.0,1085.8,79.3,500.2,Danger
2026-09-19 16:01:12.490358,72.4,2559.0,1156.2,88.7,535.3,Danger
2026-09-19 16:01:15.490358,64.1,2477.0,1102.4,82.6,522.6,Danger
2026-09-19 16:01:18.490358,69.8,2342.0,1133.1,85.2,487.7,Danger
2026-09-19 16:01:21.490358,71.6,2623.0,1149.9,79.0,435.0,Danger
2026-09-19 16:01:24.490358,71.3,2665.0,1245.1,85.5,461.2,Danger
2026-09-19 16:01:27.490358,74.9,2775.0,1165.3,82.7,368.0,Danger
2026-09-19 16:01:30.490358,70.3,2266.0,1259.8,90.6,418.8,Danger
2026-09-19 16:01:33.490358,80.2,2690.0,1258.9,94.5,420.1,Danger
2026-09-19 16:01:36.490358,74.7,2536.0,1201.5,110.8,477.0,Danger
2026-09-19 16:01:39.490358,74.8,2685.0,1217.4,114.7,484.8,Danger
2026-09-19 16:01:42.490358,73.3,2704.0,1287.5,121.1,486.1,Danger
2026-09-19 16:01:45.490358,75.8,2918.0,1166.3,121.1,542.9,Danger
2026-09-19 16:01:48.490358,79.1,2704.0,1188.2,120.9,536.5,Danger
2026-09-19 16:01:51.490358,70.6,2492.0,1135.0,130.2,518.9,Danger
2026-09-19 16:01:54.490358,71.6,2763.0,1174.4,118.9,502.3,Danger
2026-09-19 16:01:57.490358,73.3,2678.0,1117.6,117.0,527.3,Danger
2026-09-19 16:02:00.490358,68.0,2690.0,1144.9,120.5,464.8,Danger
2026-09-19 16:02:03.490358,70.5,2605.0,1231.5,119.5,491.5,Danger
2026-09-19 16:02:06.490358,72.0,2426.0,1182.0,123.0,547.1,Danger
2026-09-19 16:02:09.490358,78.5,2563.0,1216.5,116.1,510.7,Danger
2026-09-19 16:02:12.490358,75.2,2448.0,1177.0,127.9,503.0,Danger
2026-09-19 16:02:15.490358,74.6,2764.0,1232.6,106.2,439.3,Danger
2026-09-19 16:02:18.490358,77.5,2917.0,1187.3,89.7,389.3,Danger
2026-09-19 16:02:21.490358,72.2,2884.0,1251.8,88.0,348.0,Danger
2026-09-19 16:02:24.490358,74.5,2789.0,1273.3,68.3,308.5,Danger
2026-09-19 16:02:27.490358,71.6,2765.0,1183.1,52.5,231.7,Danger
2026-09-19 16:02:30.490358,73.0,2538.0,1183.5,40.2,197.7,Warning
2026-09-19 16:02:33.490358,68.3,2333.0,1187.4,47.5,210.9,Warning
2026-09-19 16:02:36.490358,58.5,2389.0,1111.6,25.1,137.1,Warning
2026-09-19 16:02:39.490358,69.5,2599.0,1123.4,47.3,252.3,Warning
2026-09-19 16:02:42.490358,76.7,2733.0,1192.3,38.4,158.8,Warning
2026-09-19 16:02:45.490358,73.6,2698.0,1135.7,30.6,129.1,Warning
2026-09-19 16:02:48.490358,73.1,2677.0,1201.5,31.3,104.8,Warning
2026-09-19 16:02:51.490358,73.8,2838.0,1217.4,40.1,176.6,Warning
2026-09-19 16:02:54.490358,67.4,2680.0,1085.3,33.3,156.8,Warning
2026-09-19 16:02:57.490358,67.2,2563.0,1119.7,36.1,191.5,Warning
2026-09-19 16:03:00.490358,62.4,2488.0,1045.5,29.1,119.1,Warning
2026-09-19 16:03:03.490358,63.2,2456.0,1069.4,26.0,140.8,Warning
2026-09-19 16:03:06.490358,67.0,2407.0,1158.3,32.0,161.5,Warning
2026-09-19 16:03:09.490358,69.2,2643.0,1124.0,35.5,160.9,Warning
2026-09-19 16:03:12.490358,61.6,2131.0,1080.9,35.6,163.4,Warning
2026-09-19 16:03:15.490358,59.2,2438.0,1008.5,25.1,110.9,Warning
2026-09-19 16:03:18.490358,60.6,2135.0,1092.1,30.7,116.6,Warning
2026-09-19 16:03:21.490358,62.7,2410.0,1099.7,38.2,179.9,Warning
2026-09-19 16:03:24.490358,51.5,1962.0,983.1,42.7,250.3,Warning
2026-09-19 16:03:27.490358,46.3,2041.0,963.1,27.3,122.1,Warning
2026-09-19 16:03:30.490358,54.1,2148.0,1040.1,35.4,210.7,Warning
2026-09-19 16:03:33.490358,49.8,1805.0,965.7,29.4,235.4,Warning
2026-09-19 16:03:36.490358,52.4,2172.0,959.8,51.0,332.6,Danger
2026-09-19 16:03:39.490358,53.2,2042.0,1097.5,54.9,317.6,Danger
2026-09-19 16:03:42.490358,50.6,2198.0,979.6,68.7,454.1,Danger
2026-09-19 16:03:45.490358,59.1,2278.0,1069.1,73.2,511.8,Danger
2026-09-19 16:03:48.490358,52.4,2171.0,1060.0,93.3,627.8,Danger
2026-09-19 16:03:51.490358,51.3,1938.0,1151.3,92.8,641.6,Danger
2026-09-19 16:03:54.490358,51.8,2007.0,964.7,109.8,747.6,Danger
2026-09-19 16:03:57.490358,41.9,1780.0,953.5,109.1,682.0,Danger
2026-09-19 16:04:00.490358,51.8,2222.0,985.7,131.1,764.6,Danger
2026-09-19 16:04:03.490358,45.1,2179.0,939.2,132.3,803.9,Danger
2026-09-19 16:04:06.490358,47.7,1873.0,953.1,144.4,863.2,Danger
2026-09-19 16:04:09.490358,37.9,1910.0,858.4,163.2,944.0,Danger
2026-09-19 16:04:12.490358,34.4,1335.0,873.8,152.1,900.5,Danger
2026-09-19 16:04:15.490358,45.2,1751.0,902.5,152.1,890.3,Danger
2026-09-19 16:04:18.490358,41.9,1703.0,972.9,153.8,883.2,Danger
2026-09-19 16:04:21.490358,34.4,1457.0,877.3,142.1,794.7,Danger
2026-09-19 16:04:24.490358,33.5,1399.0,884.5,132.5,693.2,Danger
2026-09-19 16:04:27.490358,42.3,1920.0,920.0,116.1,669.8,Danger
2026-09-19 16:04:30.490358,29.7,1510.0,822.6,108.6,551.3,Danger
2026-09-19 16:04:33.490358,42.7,1925.0,953.4,104.8,512.7,Danger
2026-09-19 16:04:36.490358,28.9,1627.0,784.9,104.4,465.3,Danger
2026-09-19 16:04:39.490358,35.6,1729.0,870.1,94.1,441.6,Danger
2026-09-19 16:04:42.490358,29.7,1640.0,802.8,86.2,415.3,Danger
2026-09-19 16:04:45.490358,33.3,1621.0,830.4,80.7,360.6,Danger
2026-09-19 16:04:48.490358,26.5,1284.0,727.3,75.6,356.9,Danger
2026-09-19 16:04:51.490358,27.3,1642.0,872.2,53.1,261.6,Danger
2026-09-19 16:04:54.490358,27.3,1395.0,791.1,56.2,266.4,Danger
2026-09-19 16:04:57.490358,21.1,1187.0,815.2,34.7,167.4,Warning
2026-09-19 16:05:00.490358,28.8,1493.0,873.2,32.7,177.6,Warning
2026-09-19 16:05:03.490358,21.5,1202.0,720.9,32.8,181.0,Warning
2026-09-19 16:05:06.490358,22.0,1287.0,732.4,39.9,239.9,Warning
2026-09-19 16:05:09.490358,17.2,1282.0,840.1,66.2,386.7,Danger
2026-09-19 16:05:12.490358,8.4,1063.0,737.5,63.6,385.1,Danger
2026-09-19 16:05:15.490358,19.4,1150.0,753.7,108.3,678.5,Danger
2026-09-19 16:05:18.490358,31.5,1514.0,862.2,97.9,608.3,Danger
2026-09-19 16:05:21.490358,22.5,1523.0,754.5,128.9,772.2,Danger
2026-09-19 16:05:24.490358,17.6,1314.0,758.0,126.7,772.1,Danger
2026-09-19 16:05:27.490358,15.5,1500.0,695.6,123.1,775.1,Danger
2026-09-19 16:05:30.490358,16.2,1381.0,647.9,132.5,869.8,Danger
2026-09-19 16:05:33.490358,18.0,1421.0,691.0,145.9,877.9,Danger
2026-09-19 16:05:36.490358,8.6,806.0,669.5,128.2,824.9,Danger
2026-09-19 16:05:39.490358,19.3,1398.0,709.3,160.0,957.6,Danger
2026-09-19 16:05:42.490358,16.6,1207.0,730.2,160.4,933.7,Danger
2026-09-19 16:05:45.490358,15.9,1116.0,684.5,171.3,987.1,Danger
2026-09-19 16:05:48.490358,13.9,1172.0,679.7,188.7,1027.7,Danger
2026-09-19 16:05:51.490358,11.2,1221.0,723.3,188.3,1092.8,Danger
2026-09-19 16:05:54.490358,13.8,1220.0,720.4,201.3,1128.8,Danger
2026-09-19 16:05:57.490358,12.8,989.0,702.3,222.1,1183.3,Danger
2026-09-19 16:06:00.490358,7.6,1100.0,695.6,216.6,1140.3,Danger
2026-09-19 16:06:03.490358,5.9,853.0,666.8,189.4,1003.9,Danger
2026-09-19 16:06:06.490358,8.8,1054.0,728.6,193.7,977.2,Danger
2026-09-19 16:06:09.490358,15.6,1145.0,706.6,171.9,905.2,Danger
2026-09-19 16:06:12.490358,1.3,799.0,592.9,167.3,809.7,Danger
2026-09-19 16:06:15.490358,0.0,915.0,548.0,139.5,670.3,Danger
2026-09-19 16:06:18.490358,7.5,832.0,643.1,121.9,573.1,Danger
2026-09-19 16:06:21.490358,6.6,1258.0,691.7,104.6,448.7,Danger
2026-09-19 16:06:24.490358,7.0,701.0,707.7,95.5,374.6,Danger
2026-09-19 16:06:27.490358,7.1,887.0,694.9,97.2,397.2,Danger
2026-09-19 16:06:30.490358,4.5,968.0,564.3,90.2,394.1,Danger
2026-09-19 16:06:33.490358,12.9,1210.0,746.4,78.2,343.5,Danger
2026-09-19 16:06:36.490358,0.0,785.0,526.5,75.8,332.4,Danger
2026-09-19 16:06:39.490358,1.0,817.0,644.0,54.9,180.6,Danger
2026-09-19 16:06:42.490358,4.6,975.0,621.7,39.0,164.0,Warning
2026-09-19 16:06:45.490358,0.0,765.0,628.1,22.2,75.5,Warning
2026-09-19 16:06:48.490358,4.1,1112.0,579.7,34.9,174.1,Warning
2026-09-19 16:06:51.490358,13.3,1259.0,753.4,18.1,100.4,Safe
2026-09-19 16:06:54.490358,5.2,1060.0,582.8,21.0,101.1,Warning
2026-09-19 16:06:57.490358,6.3,813.0,623.7,19.8,87.4,Safe
2026-09-19 16:07:00.490358,0.0,788.0,560.1,10.8,72.2,Safe
2026-09-19 16:07:03.490358,2.3,814.0,548.6,18.6,99.2,Safe
2026-09-19 16:07:06.490358,3.7,743.0,633.7,15.8,65.4,Safe
2026-09-19 16:07:09.490358,4.3,960.0,706.3,28.1,150.1,Warning
2026-09-19 16:07:12.490358,12.5,1032.0,806.7,19.5,104.4,Safe
2026-09-19 16:07:15.490358,9.2,1128.0,677.3,32.0,153.9,Warning
2026-09-19 16:07:18.490358,1.2,700.0,653.9,16.2,55.6,Safe
2026-09-19 16:07:21.490358,8.3,1265.0,675.7,32.6,148.8,Warning
2026-09-19 16:07:24.490358,9.9,914.0,699.5,20.1,70.1,Warning
2026-09-19 16:07:27.490358,13.6,1172.0,694.9,24.2,115.3,Warning
2026-09-19 16:07:30.490358,16.2,1325.0,737.7,33.7,145.7,Warning
2026-09-19 16:07:33.490358,3.7,808.0,651.4,23.4,145.4,Warning
2026-09-19 16:07:36.490358,5.3,1060.0,619.1,12.7,60.7,Safe
2026-09-19 16:07:39.490358,3.6,705.0,625.6,20.7,62.7,Warning
2026-09-19 16:07:42.490358,9.3,1250.0,671.9,32.6,143.6,Warning
2026-09-19 16:07:45.490358,13.4,1137.0,740.1,26.2,104.3,Warning
2026-09-19 16:07:48.490358,16.6,1126.0,690.3,11.6,46.8,Safe
2026-09-19 16:07:51.490358,12.0,1054.0,693.7,21.1,112.0,Warning
2026-09-19 16:07:54.490358,11.4,1207.0,767.9,16.7,96.0,Safe
2026-09-19 16:07:57.490358,14.5,1075.0,762.6,16.3,78.4,Safe
2026-09-19 16:08:00.490358,10.3,945.0,736.5,26.9,161.3,Warning
2026-09-19 16:08:03.490358,25.7,1409.0,806.6,16.7,83.7,Safe
2026-09-19 16:08:06.490358,8.0,824.0,676.9,17.3,90.9,Safe
2026-09-19 16:08:09.490358,17.8,1518.0,782.3,50.5,228.2,Danger
2026-09-19 16:08:12.490358,27.8,1410.0,884.9,16.3,77.2,Safe
2026-09-19 16:08:15.490358,18.6,1389.0,670.6,30.6,132.9,Warning
2026-09-19 16:08:18.490358,18.5,1293.0,695.2,15.4,70.9,Safe
2026-09-19 16:08:21.490358,18.5,1116.0,800.7,13.5,69.5,Safe
2026-09-19 16:08:24.490358,20.3,1308.0,751.7,27.4,123.6,Warning
2026-09-19 16:08:27.490358,29.0,1644.0,805.5,27.5,141.1,Warning
2026-09-19 16:08:30.490358,12.1,1074.0,646.5,15.5,66.4,Safe
2026-09-19 16:08:33.490358,31.8,1773.0,832.0,29.1,138.7,Warning
2026-09-19 16:08:36.490358,18.0,1403.0,687.7,24.4,118.8,Warning
2026-09-19 16:08:39.490358,24.8,1557.0,881.8,33.2,151.4,Warning
2026-09-19 16:08:42.490358,25.0,1355.0,798.9,28.4,145.7,Warning
2026-09-19 16:08:45.490358,31.1,1415.0,846.4,24.4,115.1,Warning
2026-09-19 16:08:48.490358,21.2,1238.0,793.1,16.7,57.2,Safe
2026-09-19 16:08:51.490358,32.5,1643.0,898.9,53.0,260.0,Danger
2026-09-19 16:08:54.490358,41.4,1917.0,969.2,30.2,172.8,Warning
2026-09-19 16:08:57.490358,25.5,1113.0,847.3,24.4,117.5,Warning
2026-09-19 16:09:00.490358,34.4,1659.0,849.9,27.3,148.7,Warning
2026-09-19 16:09:03.490358,31.2,1604.0,837.8,25.0,101.0,Warning
2026-09-19 16:09:06.490358,37.7,1702.0,932.7,28.9,102.0,Warning
2026-09-19 16:09:09.490358,36.8,1914.0,873.3,44.6,217.3,Warning
2026-09-19 16:09:12.490358,34.6,1728.0,876.6,66.0,366.1,Danger
2026-09-19 16:09:15.490358,41.3,2030.0,946.7,107.7,512.6,Danger
2026-09-19 16:09:18.490358,49.0,1993.0,1023.6,108.8,542.7,Danger
2026-09-19 16:09:21.490358,40.1,1944.0,850.1,108.1,556.5,Danger
2026-09-19 16:09:24.490358,45.8,2190.0,995.0,106.7,558.9,Danger
2026-09-19 16:09:27.490358,36.8,1917.0,885.3,112.9,570.5,Danger
2026-09-19 16:09:30.490358,39.6,1626.0,945.1,120.3,602.8,Danger
2026-09-19 16:09:33.490358,47.8,1958.0,1013.8,131.6,631.8,Danger
2026-09-19 16:09:36.490358,54.0,2098.0,1096.1,104.5,528.5,Danger
2026-09-19 16:09:39.490358,49.4,2109.0,1049.4,114.8,592.9,Danger
2026-09-19 16:09:42.490358,47.1,2081.0,1031.0,83.9,447.5,Danger
2026-09-19 16:09:45.490358,49.8,1918.0,1055.8,70.2,346.1,Danger
2026-09-19 16:09:48.490358,44.6,1924.0,968.2,48.9,231.7,Warning
2026-09-19 16:09:51.490358,54.9,1869.0,1040.3,36.3,171.5,Warning
2026-09-19 16:09:54.490358,57.3,2449.0,1093.3,31.1,138.0,Warning
2026-09-19 16:09:57.490358,51.6,2014.0,1042.4,27.0,159.7,Warning
2026-09-19 16:10:00.490358,52.6,2122.0,1008.1,26.7,156.4,Warning
2026-09-19 16:10:03.490358,57.2,2184.0,1073.9,23.0,133.9,Warning
2026-09-19 16:10:06.490358,54.7,2339.0,1036.0,29.3,128.9,Warning
2026-09-19 16:10:09.490358,57.5,1812.0,1025.7,42.5,208.1,Warning
2026-09-19 16:10:12.490358,69.3,2529.0,1205.6,27.0,130.1,Warning
2026-09-19 16:10:15.490358,58.4,2245.0,1069.7,37.9,198.3,Warning
2026-09-19 16:10:18.490358,58.8,2201.0,1152.2,23.8,101.5,Warning
2026-09-19 16:10:21.490358,58.2,2514.0,1000.7,36.8,153.7,Warning
2026-09-19 16:10:24.490358,66.0,2318.0,1106.0,30.5,153.7,Warning
2026-09-19 16:10:27.490358,62.2,2472.0,1099.2,33.1,177.3,Warning
2026-09-19 16:10:30.490358,60.7,2371.0,1131.2,40.2,166.4,Warning
2026-09-19 16:10:33.490358,71.4,2773.0,1186.8,45.1,232.5,Warning
2026-09-19 16:10:36.490358,72.6,2515.0,1193.3,34.3,206.6,Warning
2026-09-19 16:10:39.490358,63.3,2271.0,1060.9,43.8,223.1,Warning
2026-09-19 16:10:42.490358,57.6,2405.0,1014.8,32.5,174.8,Warning
2026-09-19 16:10:45.490358,72.7,2681.0,1194.4,43.4,183.5,Warning
2026-09-19 16:10:48.490358,64.9,2191.0,1064.6,25.4,100.9,Warning
2026-09-19 16:10:51.490358,72.9,2542.0,1161.9,30.6,151.4,Warning
2026-09-19 16:10:54.490358,59.7,2350.0,1097.6,25.5,133.2,Warning
2026-09-19 16:10:57.490358,74.6,2790.0,1157.4,32.8,144.4,Warning
2026-09-19 16:11:00.490358,64.6,2313.0,1181.1,28.5,92.8,Warning
2026-09-19 16:11:03.490358,74.8,2234.0,1247.7,29.3,163.1,Warning
2026-09-19 16:11:06.490358,71.7,2672.0,1111.1,38.0,182.7,Warning
2026-09-19 16:11:09.490358,67.4,2301.0,1101.5,24.9,126.4,Warning
2026-09-19 16:11:12.490358,70.5,2260.0,1072.6,39.1,206.1,Warning
2026-09-19 16:11:15.490358,76.4,2284.0,1179.6,27.9,137.8,Warning
2026-09-19 16:11:18.490358,73.8,2768.0,1221.2,22.1,140.9,Warning
2026-09-19 16:11:21.490358,76.5,2733.0,1195.7,41.1,189.4,Warning
2026-09-19 16:11:24.490358,83.8,2861.0,1288.7,40.3,222.4,Warning
2026-09-19 16:11:27.490358,66.3,2667.0,1069.8,28.5,128.6,Warning
2026-09-19 16:11:30.490358,82.5,2957.0,1291.6,46.1,205.0,Warning
2026-09-19 16:11:33.490358,75.1,2920.0,1178.5,41.5,226.9,Warning
2026-09-19 16:11:36.490358,70.2,2347.0,1162.3,39.1,223.3,Warning
2026-09-19 16:11:39.490358,68.2,2500.0,1141.8,43.7,213.0,Warning
2026-09-19 16:11:42.490358,74.0,2407.0,1141.0,62.3,294.2,Danger
2026-09-19 16:11:45.490358,79.6,2755.0,1190.6,59.3,298.8,Danger
2026-09-19 16:11:48.490358,74.4,2622.0,1233.6,66.7,365.2,Danger
2026-09-19 16:11:51.490358,82.5,2957.0,1276.3,84.1,444.1,Danger
2026-09-19 16:11:54.490358,67.7,2499.0,1183.4,86.3,492.2,Danger
2026-09-19 16:11:57.490358,74.8,2763.0,1211.3,87.9,480.9,Danger
2026-09-19 16:12:00.490358,68.5,2617.0,1153.4,97.0,508.4,Danger
2026-09-19 16:12:03.490358,76.4,3033.0,1142.1,108.9,564.2,Danger
2026-09-19 16:12:06.490358,78.8,2723.0,1219.7,101.9,538.0,Danger
2026-09-19 16:12:09.490358,72.1,2460.0,1175.3,118.0,648.5,Danger
2026-09-19 16:12:12.490358,60.9,2359.0,1165.2,97.1,507.7,Danger
2026-09-19 16:12:15.490358,74.6,2545.0,1224.3,112.9,611.8,Danger
2026-09-19 16:12:18.490358,75.5,2909.0,1265.2,96.2,525.4,Danger
2026-09-19 16:12:21.490358,75.0,2631.0,1223.5,97.1,514.5,Danger
2026-09-19 16:12:24.490358,78.7,2683.0,1201.3,104.7,578.2,Danger
2026-09-19 16:12:27.490358,66.8,2398.0,1138.8,96.7,548.0,Danger
2026-09-19 16:12:30.490358,75.1,2785.0,1210.0,118.8,626.5,Danger
2026-09-19 16:12:33.490358,77.1,2705.0,1179.6,125.2,670.5,Danger
2026-09-19 16:12:36.490358,61.8,2248.0,1078.8,125.8,648.8,Danger
2026-09-19 16:12:39.490358,71.7,2843.0,1165.6,121.1,636.4,Danger
2026-09-19 16:12:42.490358,67.0,2347.0,1200.5,118.2,637.0,Danger
2026-09-19 16:12:45.490358,68.5,2519.0,1065.1,121.8,641.9,Danger
2026-09-19 16:12:48.490358,70.1,2649.0,1208.7,125.4,665.1,Danger
2026-09-19 16:12:51.490358,65.2,2186.0,1084.3,130.6,639.6,Danger
2026-09-19 16:12:54.490358,63.6,2462.0,1053.8,107.2,578.0,Danger
2026-09-19 16:12:57.490358,66.4,2302.0,1178.6,106.1,527.6,Danger
2026-09-19 16:13:00.490358,60.1,2425.0,1109.9,100.3,524.8,Danger
2026-09-19 16:13:03.490358,59.3,2139.0,1124.7,97.3,454.9,Danger
2026-09-19 16:13:06.490358,67.4,2588.0,1170.9,93.6,452.6,Danger
2026-09-19 16:13:09.490358,57.4,2401.0,1141.6,95.8,442.0,Danger
2026-09-19 16:13:12.490358,65.6,2570.0,1147.5,99.7,492.7,Danger
2026-09-19 16:13:15.490358,63.8,2432.0,1103.9,112.3,528.3,Danger
2026-09-19 16:13:18.490358,51.9,2064.0,1029.3,98.7,477.5,Danger
2026-09-19 16:13:21.490358,56.3,2121.0,1100.0,104.0,513.3,Danger
2026-09-19 16:13:24.490358,64.7,2639.0,1086.6,91.2,463.5,Danger
2026-09-19 16:13:27.490358,52.9,2018.0,997.2,101.5,495.9,Danger
2026-09-19 16:13:30.490358,54.5,2008.0,1024.0,80.7,418.5,Danger
2026-09-19 16:13:33.490358,58.2,2355.0,981.4,82.3,395.9,Danger
2026-09-19 16:13:36.490358,58.8,2151.0,1076.1,70.2,344.4,Danger
2026-09-19 16:13:39.490358,52.6,1974.0,945.7,69.9,319.4,Danger
2026-09-19 16:13:42.490358,49.9,1831.0,1001.3,51.8,257.1,Danger
2026-09-19 16:13:45.490358,59.0,2202.0,1106.4,53.9,248.9,Danger
2026-09-19 16:13:48.490358,59.5,2275.0,1057.0,38.3,177.6,Warning
2026-09-19 16:13:51.490358,54.7,2203.0,1104.4,38.1,216.4,Warning
2026-09-19 16:13:54.490358,49.1,2171.0,934.6,37.7,176.1,Warning
2026-09-19 16:13:57.490358,43.6,1969.0,996.4,32.0,145.0,Warning
2026-09-19 16:14:00.490358,42.4,1832.0,966.3,23.6,121.2,Warning
2026-09-19 16:14:03.490358,48.1,1972.0,916.1,23.3,125.7,Warning
2026-09-19 16:14:06.490358,46.5,2038.0,1080.3,28.4,113.2,Warning
2026-09-19 16:14:09.490358,50.3,2248.0,999.9,26.7,121.8,Warning
2026-09-19 16:14:12.490358,45.4,1955.0,928.5,45.9,197.9,Warning
2026-09-19 16:14:15.490358,33.6,1569.0,812.4,22.8,99.8,Warning
2026-09-19 16:14:18.490358,45.3,1783.0,953.3,18.9,103.2,Safe
2026-09-19 16:14:21.490358,33.9,1431.0,866.2,34.5,128.9,Warning
2026-09-19 16:14:24.490358,35.9,1797.0,891.2,26.0,88.2,Warning
2026-09-19 16:14:27.490358,38.0,1836.0,891.7,31.2,151.6,Warning
2026-09-19 16:14:30.490358,45.6,2026.0,990.1,44.9,188.3,Warning
2026-09-19 16:14:33.490358,50.1,2033.0,985.1,37.9,208.4,Warning
2026-09-19 16:14:36.490358,36.5,1923.0,814.4,48.0,244.8,Warning
2026-09-19 16:14:39.490358,31.4,1514.0,845.6,23.1,72.2,Warning
2026-09-19 16:14:42.490358,34.0,1792.0,777.0,23.0,105.5,Warning
2026-09-19 16:14:45.490358,34.7,1661.0,891.5,30.4,133.5,Warning
2026-09-19 16:14:48.490358,27.6,1398.0,781.5,12.7,98.1,Safe
2026-09-19 16:14:51.490358,37.1,1817.0,903.5,17.5,78.1,Safe
2026-09-19 16:14:54.490358,28.3,1568.0,878.7,33.3,144.7,Warning
2026-09-19 16:14:57.490358,28.6,1568.0,790.8,17.0,73.2,Safe
2026-09-19 16:15:00.490358,28.4,1523.0,869.9,21.4,82.1,Warning
2026-09-19 16:15:03.490358,26.2,1450.0,792.4,14.2,90.1,Safe
2026-09-19 16:15:06.490358,27.3,1842.0,888.8,36.0,158.7,Warning
2026-09-19 16:15:09.490358,19.1,1455.0,738.2,33.5,157.4,Warning
2026-09-19 16:15:12.490358,18.5,1370.0,714.0,21.8,115.4,Warning
2026-09-19 16:15:15.490358,14.8,1187.0,746.1,18.0,83.8,Safe
2026-09-19 16:15:18.490358,21.6,1492.0,755.6,31.4,147.5,Warning
2026-09-19 16:15:21.490358,22.4,1439.0,745.9,24.9,94.5,Warning
2026-09-19 16:15:24.490358,20.0,1303.0,740.7,22.5,95.0,Warning
2026-09-19 16:15:27.490358,25.2,1385.0,800.0,28.5,96.0,Warning
2026-09-19 16:15:30.490358,16.0,1188.0,781.8,21.7,109.8,Warning
2026-09-19 16:15:33.490358,18.6,789.0,671.4,19.3,105.1,Safe
2026-09-19 16:15:36.490358,9.0,1057.0,673.1,20.1,149.8,Warning
2026-09-19 16:15:39.490358,11.8,1022.0,719.5,25.7,121.5,Warning
2026-09-19 16:15:42.490358,16.5,1452.0,739.8,24.3,104.7,Warning
2026-09-19 16:15:45.490358,16.6,1218.0,785.1,23.7,103.4,Warning
2026-09-19 16:15:48.490358,10.2,877.0,678.7,23.3,91.9,Warning
2026-09-19 16:15:51.490358,10.7,1060.0,678.2,28.2,150.2,Warning
2026-09-19 16:15:54.490358,2.9,715.0,646.6,10.0,62.1,Safe
2026-09-19 16:15:57.490358,8.1,1073.0,668.7,28.2,158.4,Warning
2026-09-19 16:16:00.490358,13.8,1188.0,694.6,22.4,88.9,Warning
2026-09-19 16:16:03.490358,11.7,1236.0,714.2,17.9,95.5,Safe
2026-09-19 16:16:06.490358,10.8,952.0,660.6,15.6,96.7,Safe
2026-09-19 16:16:09.490358,8.1,1008.0,640.6,21.1,76.8,Warning
2026-09-19 16:16:12.490358,7.5,783.0,638.8,13.9,74.4,Safe
2026-09-19 16:16:15.490358,3.8,999.0,684.3,16.2,105.2,Safe
2026-09-19 16:16:18.490358,10.2,1133.0,552.8,22.1,115.5,Warning
2026-09-19 16:16:21.490358,8.5,1087.0,683.8,14.4,87.7,Safe
2026-09-19 16:16:24.490358,8.6,1014.0,669.8,23.4,112.0,Warning
2026-09-19 16:16:27.490358,3.2,943.0,558.5,23.7,128.8,Warning
2026-09-19 16:16:30.490358,0.0,1041.0,612.4,29.1,149.7,Warning
2026-09-19 16:16:33.490358,10.9,1030.0,706.4,17.2,83.5,Safe
2026-09-19 16:16:36.490358,2.9,893.0,646.6,29.3,139.9,Warning
2026-09-19 16:16:39.490358,0.8,700.0,500.7,21.3,68.6,Warning
2026-09-19 16:16:42.490358,8.5,883.0,722.9,13.5,59.6,Safe
2026-09-19 16:16:45.490358,3.1,891.0,594.9,8.6,50.9,Safe
2026-09-19 16:16:48.490358,10.3,1223.0,709.9,23.4,125.9,Warning
2026-09-19 16:16:51.490358,8.1,964.0,694.5,15.6,33.9,Safe
2026-09-19 16:16:54.490358,8.5,977.0,632.8,26.6,113.8,Warning
2026-09-19 16:16:57.490358,0.0,739.0,626.4,14.5,26.0,Safe
2026-09-19 16:17:00.490358,11.3,1003.0,675.3,21.8,98.2,Warning
2026-09-19 16:17:03.490358,6.7,1013.0,571.0,30.5,109.9,Warning
2026-09-19 16:17:06.490358,3.8,700.0,676.9,6.4,70.1,Safe
2026-09-19 16:17:09.490358,6.6,1156.0,621.5,22.1,100.5,Warning
2026-09-19 16:17:12.490358,0.0,700.0,565.8,11.7,49.6,Safe
2026-09-19 16:17:15.490358,8.4,1119.0,651.3,15.3,92.5,Safe
2026-09-19 16:17:18.490358,1.6,700.0,623.4,21.8,109.2,Warning
2026-09-19 16:17:21.490358,0.3,908.0,600.2,12.2,68.6,Safe
2026-09-19 16:17:24.490358,0.0,901.0,621.9,33.6,136.5,Warning
2026-09-19 16:17:27.490358,13.4,1194.0,654.0,26.5,91.8,Warning
2026-09-19 16:17:30.490358,5.2,780.0,611.8,17.2,61.7,Safe
2026-09-19 16:17:33.490358,16.5,1250.0,727.2,17.5,81.7,Safe
2026-09-19 16:17:36.490358,6.7,789.0,729.1,31.1,166.3,Warning
2026-09-19 16:17:39.490358,1.3,796.0,606.1,15.6,88.4,Safe
2026-09-19 16:17:42.490358,4.9,1076.0,682.3,43.9,188.0,Warning
2026-09-19 16:17:45.490358,17.2,1350.0,739.4,23.7,78.7,Warning
2026-09-19 16:17:48.490358,10.9,1075.0,667.9,23.9,124.1,Warning
2026-09-19 16:17:51.490358,9.6,894.0,667.0,14.9,56.0,Safe
2026-09-19 16:17:54.490358,13.8,1243.0,703.9,23.5,105.1,Warning
2026-09-19 16:17:57.490358,16.3,1209.0,754.2,15.8,103.0,Safe
2026-09-19 16:18:00.490358,20.1,954.0,815.6,23.2,95.0,Warning
2026-09-19 16:18:03.490358,22.5,1480.0,794.3,23.0,102.3,Warning
2026-09-19 16:18:06.490358,14.2,1152.0,761.4,27.8,161.2,Warning
2026-09-19 16:18:09.490358,10.2,1236.0,643.2,19.2,58.6,Safe
2026-09-19 16:18:12.490358,15.6,1026.0,708.4,24.4,138.6,Warning
2026-09-19 16:18:15.490358,19.8,820.0,729.8,12.1,93.9,Safe
2026-09-19 16:18:18.490358,14.6,1207.0,729.4,25.5,80.7,Warning
2026-09-19 16:18:21.490358,15.5,1232.0,710.0,23.2,127.7,Warning
2026-09-19 16:18:24.490358,23.0,1121.0,812.9,19.0,75.0,Safe
2026-09-19 16:18:27.490358,21.9,1202.0,738.3,15.9,66.1,Safe
2026-09-19 16:18:30.490358,23.3,1796.0,788.1,25.2,113.6,Warning
2026-09-19 16:18:33.490358,20.3,1262.0,790.0,11.3,86.1,Safe
2026-09-19 16:18:36.490358,23.9,1508.0,709.0,20.0,90.2,Warning
2026-09-19 16:18:39.490358,21.5,1239.0,856.7,28.1,140.1,Warning
2026-09-19 16:18:42.490358,31.6,1276.0,841.2,26.8,198.0,Warning
2026-09-19 16:18:45.490358,33.3,1607.0,785.6,37.7,197.1,Warning
2026-09-19 16:18:48.490358,20.0,1259.0,766.0,29.3,120.5,Warning
2026-09-19 16:18:51.490358,25.6,1380.0,806.0,20.9,82.4,Warning
2026-09-19 16:18:54.490358,23.8,1378.0,787.2,25.1,95.5,Warning
2026-09-19 16:18:57.490358,29.1,1568.0,872.6,34.8,137.6,Warning
2026-09-19 16:19:00.490358,33.0,1603.0,894.1,20.9,104.7,Warning
2026-09-19 16:19:03.490358,27.3,1292.0,830.1,17.0,69.1,Safe
2026-09-19 16:19:06.490358,31.0,1648.0,866.0,21.9,117.9,Warning
2026-09-19 16:19:09.490358,31.7,1300.0,849.3,27.0,143.3,Warning
2026-09-19 16:19:12.490358,38.8,1463.0,981.7,29.8,133.7,Warning
2026-09-19 16:19:15.490358,39.2,1892.0,854.8,20.4,87.6,Warning
